Country Name, Country Code,p1990,p1991,p1992,p1993,p1994,p1995,p1996,p1997,p1998,p1999,p2000,p2001,p2002,p2003,p2004,p2005,p2006,p2007,p2008,p2009,p2010,p2011,p2012,p2013,p2014,g1990,g1991,g1992,g1993,g1994,g1995,g1996,g1997,g1998,g1999,g2000,g2001,g2002,g2003,g2004,g2005,g2006,g2007,g2008,g2009,g2010,g2011,g2012,g2013,g2014,ghg1990,ghg1991ghg1992,ghg1993,ghg1994,ghg1995,ghg1996,ghg1997,ghg1998,ghg1999,ghg2000,ghg2001,ghg2002,ghg2003,ghg2004,ghg2005,ghg2006,ghg2007,ghg2008,ghg2009,ghg2010,ghg2011,ghg2012,ghg2013,ghg2014 
Afghanistan,AFG,83,781,639,229,839,112,505,150,964,389,753,196,595,517,168,817,961,698,373,106,598,690,490,214,59,963,669,889,911,432,379,506,143,881,15,162,950,52,883,769,194,389,181,21,620,703,57,738,800,596,15.2128,15.2864,14.0105,14.0281,13.9854,14.3349,15.3232,16.2845,17.1244,18.0006,16.496,15.2094,17.6991,18.4304,18.1513,18.9847,19.6229,20.3989,23.63,26.9429,30.6296,34.713,34.5016,33.1709,33.3661
Angola,AGO,226,440,610,178,516,474,507,349,208,802,300,598,49,501,532,604,746,707,799,823,493,22,883,217,422,709,737,845,635,353,733,803,984,355,227,642,120,16,750,444,294,748,554,870,163,813,298,95,386,524,52.2201,53.8142,55.0744,56.7951,57.8733,63.2029,63.7696,64.5327,67.6438,67.6789,68.9825,73.8661,78.2501,89.9323,95.7309,99.0156,105.9221,119.1198,127.0014,137.1651,147.6876,151.1196,150.5324,155.8722,157.8168
Albania,ALB,515,92,731,901,178,533,361,908,414,475,623,533,533,309,780,878,151,264,138,152,517,560,782,245,56,113,295,99,444,559,906,10,414,983,98,684,917,978,318,144,205,500,548,915,779,851,625,195,612,946,11.692,9.119,6.8705,6.597,7.1382,6.6947,6.4076,5.6799,5.9166,7.0848,7.3741,7.3494,7.9868,8.4026,8.4785,8.2514,8.1501,8.1888,7.9577,8.0308,8.3122,8.7857,8.3722,8.557,9.0365
Andorra,AND,679,453,174,539,249,655,559,43,782,753,599,104,231,676,745,303,933,323,905,132,688,211,634,296,102,387,428,68,106,212,525,621,461,624,202,733,413,982,497,777,795,507,45,556,125,654,285,906,590,686,0.4294,0.4307,0.4321,0.4371,0.4348,0.4545,0.485,0.4971,0.5238,0.5469,0.5591,0.5604,0.5691,0.5742,0.6012,0.6172,0.5898,0.5843,0.5861,0.5659,0.5678,0.5434,0.5411,0.5315,0.5181
United Arab Emirates,ARE,593,334,717,603,623,867,16,858,143,110,292,982,297,563,382,457,547,647,567,918,683,44,2,533,947,121,759,773,721,689,584,550,516,656,951,111,929,968,704,93,921,12,703,829,673,153,177,509,200,227,74.6428,81.3419,80.0797,83.1663,90.0009,95.035,98.8222,105.0768,108.3051,111.0274,110.0929,122.6269,125.7554,132.3778,139.7685,147.171,153.8065,165.1836,191.2976,191.5703,196.2646,204.2663,214.368,218.7826,221.5072
Argentina,ARG,191,753,139,296,848,844,224,648,194,434,66,112,937,685,973,122,226,52,664,940,634,959,730,934,838,27,460,803,141,880,491,80,899,777,452,287,56,973,340,516,175,958,860,494,456,833,389,788,514,790,233.0957,237.5316,241.8817,242.0501,252.1711,253.8123,262.9425,266.9057,268.589,275.3448,277.5082,271.2806,263.9795,284.2345,299.1197,302.6715,316.2335,326.8328,335.5216,319.7705,320.1575,328.1953,333.9591,334.2374,348.6472
Armenia,ARM,455,581,383,983,893,793,261,171,958,205,97,114,338,511,4,31,65,666,603,622,371,844,633,264,749,779,55,386,476,15,929,385,673,455,692,96,820,644,639,869,52,325,414,198,220,549,869,92,678,657,23.9429,24.5752,14.2386,8.132,5.6361,6.2392,5.1794,5.7977,5.7513,5.253,5.595,5.7346,5.3548,5.7674,6.1323,6.8682,7.0136,7.8072,8.3775,7.2457,7.0715,7.7079,8.6009,8.5935,8.6263
Australia,AUS,878,996,521,658,382,851,567,337,577,907,604,390,187,993,514,114,731,533,895,648,54,317,179,530,772,489,217,756,266,757,395,11,753,920,60,9,557,483,689,303,224,242,299,105,473,963,604,380,778,2,478.2095,477.0836,477.0781,478.3845,485.4769,493.1283,495.6323,501.9787,529.9795,565.999,588.0207,594.7678,593.9823,537.0973,583.9559,558.6473,593.3024,593.2156,573.521,587.8017,561.6214,646.9771,648.6069,580.0997,589.7345
Austria,AUT,511,294,299,212,271,265,155,801,397,222,183,105,708,639,315,332,981,837,62,123,168,740,179,352,438,464,12,752,667,40,174,77,650,48,793,94,123,447,884,927,925,659,78,448,879,257,884,540,731,953,74.9927,78.9379,73.7873,73.7721,73.6969,76.3133,79.8759,78.7915,79.2308,77.3638,77.3954,81.501,82.9353,88.7603,88.5856,89.0648,86.4195,84.0461,84.3307,77.9121,82.8152,81.1072,78.1579,78.4743,75.1477
Azerbaijan,AZE,38,332,992,780,369,988,870,413,67,873,945,621,680,629,600,808,28,362,764,839,523,431,933,989,356,855,327,525,237,642,863,215,794,471,477,809,8,38,383,542,335,74,282,51,2,573,774,953,317,246,74.8595,83.5539,59.4784,67.4413,60.6565,58.2767,53.2786,53.0013,53.4701,53.4343,55.1549,54.8951,55.2026,52.327,53.0363,56.4608,56.7838,52.7332,57.5843,55.788,57.4039,63.5647,67.4535,69.7221,72.5978
Burundi,BDI,228,550,366,649,878,52,316,511,903,124,916,698,469,26,767,277,85,616,20,47,505,404,691,901,864,27,282,130,733,304,480,872,971,710,957,823,576,235,30,937,815,396,450,896,760,439,166,949,485,759,2.2159,2.3007,2.3398,2.3666,2.3097,2.3893,2.3503,2.3557,2.2444,2.2379,2.2397,2.156,2.0378,1.9553,1.994,1.9533,2.0776,2.1401,2.2713,2.3736,2.5638,2.7468,2.9072,3.0429,3.3016
Belgium,BEL,730,210,601,796,319,804,321,251,269,485,519,948,896,393,81,878,150,55,523,412,931,643,535,736,469,9,993,733,182,163,494,942,755,836,36,533,883,771,71,7,437,457,430,627,664,614,172,579,603,929,129.4493,134.4432,133.0524,130.8931,136.216,136.0763,141.058,137.7708,139.6673,136.4637,136.3495,136.5888,129.8198,133.7008,132.1099,128.2769,125.2302,121.3933,124.1466,116.342,125.18,113.9778,112.0333,113.4088,107.5032
Benin,BEN,711,972,456,297,877,631,329,470,760,841,869,673,201,652,84,710,370,482,609,599,474,845,246,698,964,701,335,196,589,721,535,876,385,986,260,680,548,866,759,576,845,853,878,962,248,222,540,436,828,424,5.0074,4.9879,5.0614,5.1487,5.3578,5.221,5.9461,6.2646,6.5097,6.4701,6.9613,7.0806,8.1615,7.9807,7.9902,9.2864,9.8075,10.5927,10.3598,10.8381,11.1117,11.3931,11.5466,12.1686,12.7148
Burkina Faso,BFA,347,564,314,336,222,889,500,255,577,484,56,619,644,142,219,883,142,913,832,969,897,240,278,233,976,284,465,258,128,888,802,891,32,559,490,680,834,120,549,527,718,902,413,296,166,471,255,481,8,973,11.0379,11.4474,11.8309,12.1728,12.6086,13.055,13.4884,14.2619,14.6295,15.1964,14.6944,14.5524,15.1997,18.1673,18.4155,19.0406,18.9301,19.5479,20.2584,20.8081,21.5909,21.9422,22.2495,23.5054,23.5008
Bangladesh,BGD,216,691,774,504,16,504,863,220,49,682,908,589,741,96,781,904,120,802,305,994,131,419,252,252,383,934,287,491,78,576,258,957,559,885,810,580,914,49,92,303,228,924,966,547,500,848,926,116,564,186,84.934,85.1494,86.987,88.228,90.6004,95.6969,96.5136,98.8883,99.0591,103.2217,106.0589,111.2392,114.4974,115.7754,117.4141,121.6696,126.723,129.5514,139.8082,144.2122,152.4967,158.1435,162.1276,164.5165,167.7068
Bulgaria,BGR,253,103,170,74,433,630,23,485,584,329,809,100,32,750,602,476,283,900,224,132,912,926,444,763,11,232,562,661,517,740,989,494,46,452,364,117,374,679,377,334,54,802,711,373,902,247,262,435,523,786,99.3425,79.2568,74.1911,72.8513,69.6499,69.3575,69.6223,67.0836,64.3429,58.2163,57.2534,59.9948,57.7467,62.0951,61.2824,61.6913,62.6915,66.5173,64.4357,57.6064,59.2337,64.6284,59.3692,54.8586,57.8046
Bahrain,BHR,202,537,282,564,800,882,761,310,659,163,778,939,895,853,985,738,611,131,926,563,621,964,270,228,424,385,489,672,832,606,236,681,372,301,556,211,817,89,636,303,709,751,533,974,448,419,97,62,874,222,13.5272,13.2061,15.2231,16.0953,16.4842,16.7173,17.4271,17.7377,18.921,18.9232,19.4104,19.9951,21.0231,21.7231,21.8091,24.6925,26.618,27.1198,28.9698,29.026,30.4308,30.5806,31.2078,33.4831,35.0448
"Bahamas, The",BHS,224,406,109,727,586,607,804,823,66,846,139,91,966,710,490,522,109,282,27,943,148,944,98,855,433,926,996,523,559,187,558,127,269,717,324,179,757,85,723,885,591,102,671,510,63,698,354,98,948,524,2.1263,1.96,1.9709,1.8813,1.8719,1.8732,1.8715,1.5683,1.8977,1.8888,1.8827,1.7869,1.7968,1.7427,1.9716,1.9836,1.9123,1.9457,1.7671,1.9077,1.9252,2.1556,2.2552,3.1042,2.7145
Belarus,BLR,902,919,40,521,2,400,209,933,667,464,176,994,751,915,851,790,695,436,867,616,56,405,275,168,956,71,875,64,530,496,542,147,435,341,548,531,320,25,312,697,181,996,617,707,640,324,973,495,190,905,136.5524,131.5433,117.0869,104.3462,91.5598,83.4931,84.0954,84.6086,82.7694,80.499,77.896,76.8312,76.6572,77.8948,81.5603,83.0652,86.3074,85.1507,88.9667,87.2584,91.5163,89.2079,90.4112,90.4979,89.5802
Belize,BLZ,429,669,285,318,733,670,96,878,613,529,272,269,529,390,189,740,32,631,542,361,71,787,2,98,334,492,535,324,404,24,625,447,621,945,242,429,223,961,533,196,641,705,106,142,762,57,875,39,596,574,5.4621,5.6398,5.7951,5.935,6.0669,6.1775,6.2724,6.5206,6.6769,6.8294,7.0324,7.2635,7.4893,7.7339,7.7397,7.9614,8.1817,8.4337,8.5933,8.9853,9.1103,9.3827,9.4379,9.6811,9.8017
Bolivia,BOL,558,385,844,148,597,550,56,569,724,492,757,244,138,958,213,774,319,167,951,551,443,767,403,56,375,288,346,305,724,635,499,59,579,222,744,654,203,751,146,263,638,454,526,626,353,56,77,71,11,774,20.8505,21.418,23.0638,24.5963,26.4354,26.3757,26.2347,26.7071,27.8921,28.0406,28.1764,26.9653,28.7941,30.4813,33.0611,34.5329,35.1963,36.6144,37.7286,38.9853,43.4382,43.2062,46.5951,47.1044,48.4667
Brazil,BRA,796,595,618,871,732,895,402,363,477,983,559,730,33,825,23,637,313,309,42,362,908,879,714,885,337,764,648,434,272,410,785,308,890,812,348,173,426,589,137,148,907,697,601,232,438,517,377,512,577,530,556.3648,574.5559,584.9415,594.5369,610.9471,636.3779,645.4109,672.6958,692.9023,705.3756,721.7813,744.2633,765.5213,777.6987,814.8983,827.5413,826.2242,854.5021,869.0668,856.2575,931.758,954.8245,994.5386,1017.8745,1051.0013
Barbados,BRB,945,593,286,135,1,214,396,121,988,124,900,781,555,349,594,976,464,136,29,973,508,872,595,932,392,177,850,825,970,176,160,371,731,779,517,6,287,36,737,745,430,454,31,699,193,805,227,89,976,527,2.8621,3.0207,2.8196,2.9771,2.6423,2.7507,2.7864,2.841,3.092,3.1698,3.1557,3.1891,3.1911,3.2398,3.2817,3.3342,3.3597,3.3611,3.6325,3.6348,3.5402,3.5703,3.5599,3.5448,3.3554
Bhutan,BTN,258,279,833,704,113,115,212,68,948,943,836,240,609,910,355,885,431,556,399,892,566,8,629,395,697,633,124,563,819,631,21,206,46,454,372,442,640,486,956,701,343,333,168,247,674,135,640,384,456,211,0.7296,0.7776,0.7762,0.7456,0.7768,0.8653,0.9003,0.995,0.9913,1.0186,0.9836,0.9484,0.9644,0.9399,0.8766,1.0191,0.997,1.0144,0.9902,0.9699,1.064,1.3072,1.3845,1.4949,1.5272
Botswana,BWA,64,983,745,993,619,569,986,172,246,964,520,915,297,640,665,428,404,530,358,568,491,212,777,747,114,937,993,784,560,883,524,412,619,658,257,951,179,679,147,747,15,666,643,560,286,909,657,3,585,654,12.5736,12.0664,12.3803,12.1081,12.3552,13.2577,14.8846,14.5522,14.2899,14.3649,14.2482,14.69,13.8788,9.3009,9.8016,10.3533,12.7628,10.9125,17.3116,11.5214,18.7874,22.2055,13.5452,12.9796,14.1803
Central African Republic,CAF,456,200,992,338,839,810,326,126,323,329,96,480,854,179,563,147,615,811,6,134,723,463,48,96,756,494,324,649,146,634,295,17,509,394,425,259,258,240,677,523,772,220,410,470,165,124,426,103,116,982,35.9112,36.9387,37.7156,38.4872,39.3206,40.1712,40.6708,41.0952,43.2111,41.2591,44.3236,43.2168,41.486,47.7154,44.0617,46.5456,46.8487,47.941,49.6629,45.1868,47.9691,49.7608,46.4095,49.2281,48.5662
Canada,CAN,969,959,281,1000,316,302,603,810,329,675,358,227,392,57,734,65,428,509,728,667,260,599,304,786,1,865,140,341,880,589,380,475,985,140,514,454,827,887,836,67,354,511,76,196,888,788,16,323,479,183,560.0403,555.7398,570.5222,571.1014,590.996,606.7379,624.2119,640.2406,650.3115,658.8844,679.7555,672.6715,681.4384,702.3799,696.6948,708.3402,695.4153,731.7513,716.9919,685.1074,699.5197,713.3584,718.5661,738.3825,745.1087
Switzerland,CHE,963,403,867,699,758,855,982,838,841,814,283,854,139,816,880,280,834,122,619,427,912,798,957,488,607,25,234,615,620,927,708,364,571,823,350,435,785,118,519,341,464,541,138,752,363,67,809,445,861,932,51.8598,54.151,53.9446,51.6167,50.7095,51.4356,52.0193,50.6415,52.1036,52.2647,51.3352,52.9722,51.2288,52.4122,52.8998,53.4351,53.0943,51.1546,52.6545,51.3786,52.9935,49.0215,50.4543,51.4899,47.705
Chile,CHL,612,112,596,571,324,810,801,148,41,360,285,810,156,35,16,244,733,264,579,682,269,85,542,320,494,764,607,548,894,795,918,624,475,830,848,600,545,280,15,296,622,311,238,155,953,621,124,341,903,226,46.7818,45.7512,48.1094,49.4429,53.0041,56.4878,62.625,69.3735,70.0427,72.13,68.1943,66.5514,67.5924,68.8912,74.6799,75.8001,77.1741,85.1169,89.4577,86.3898,90.8737,97.5371,99.8293,103.6029,97.1524
China,CHN,139,283,889,260,854,823,498,87,329,58,510,753,28,640,396,260,729,89,401,88,333,254,29,17,154,465,702,613,743,908,66,338,588,894,612,160,606,875,641,790,59,433,17,910,228,687,603,80,618,712,3154.4563,3301.8964,3438.3925,3665.4446,3819.92,4205.0046,4221.1339,4252.7182,4359.1953,4293.6582,4480.3934,4721.7008,5051.075,5721.9482,6521.6593,7267.0607,7932.78,8571.7002,8752.4095,9314.1425,10108.2299,11013.0344,11250.3966,11732.5156,11911.7118
Cote d'Ivoire,CIV,471,663,348,230,479,23,774,699,750,891,779,185,534,117,581,863,252,731,508,941,677,685,199,444,40,954,496,529,229,348,580,408,418,705,127,4,867,630,303,888,621,423,631,184,116,734,946,238,750,850,23.3747,23.9943,24.4827,25.0909,26.1029,26.7178,26.0809,26.0654,24.7427,25.3163,23.9464,24.2816,25.6383,24.5056,24.3785,26.3927,26.3375,26.4939,27.731,27.532,28.8449,28.8764,31.2382,33.0563,33.7401
Cameroon,CMR,629,25,15,61,546,338,661,541,122,62,171,496,899,592,965,770,935,325,374,822,516,656,40,295,955,664,29,725,452,588,567,558,137,86,306,469,86,780,717,300,356,368,751,907,90,741,193,679,44,985,75.2891,74.9645,74.9059,79.0696,79.7501,79.5812,78.7451,79.469,80.7341,80.753,82.4335,81.8115,81.3611,82.2653,81.5427,83.0509,82.7123,83.7133,82.8321,83.3899,82.5208,82.6645,82.2881,83.2755,83.1379
"Congo, Rep.",COG,251,999,212,820,22,953,518,758,175,393,175,904,767,590,773,477,801,104,791,352,979,20,981,123,261,689,466,627,14,96,453,291,919,813,359,580,354,501,580,723,569,9,473,254,204,875,393,105,151,730,2.6054,4.847,4.7874,4.7732,4.5623,4.7205,4.4547,5.0769,5.0307,4.7734,4.5534,4.4521,4.4861,4.9567,4.7886,6.988,7.2454,7.2827,7.5829,7.7321,7.3315,7.3066,7.5893,6.9841,6.9983
Colombia,COL,769,58,391,624,126,898,397,943,8,425,592,630,565,247,505,648,183,62,271,485,772,277,421,173,311,686,959,470,38,925,945,204,824,573,605,180,964,303,107,57,775,822,215,710,541,895,954,856,138,991,116.6519,118.4205,121.978,125.916,127.883,130.9327,131.8528,135.9924,137.7688,128.6213,132.0068,132.2259,131.1788,132.7604,133.9722,138.8471,139.7764,143.5525,144.4866,148.6653,151.6834,154.6902,152.1934,159.5837,162.8699
Comoros,COM,812,45,912,574,678,392,789,68,418,101,359,769,341,782,695,448,514,739,522,599,401,43,72,33,380,282,415,85,204,787,738,412,824,493,819,575,913,227,43,699,720,420,950,269,594,777,660,343,865,306,0.2324,0.237,0.2403,0.2512,0.2481,0.2569,0.2694,0.274,0.301,0.2999,0.3018,0.3031,0.3146,0.3378,0.3507,0.3273,0.3648,0.2894,0.3124,0.3409,0.3803,0.3679,0.3813,0.4185,0.3978
Cabo Verde,CPV,107,647,599,666,144,688,575,869,604,332,561,965,4,504,651,824,170,213,774,555,875,945,268,173,448,567,929,781,204,894,742,898,895,272,444,102,320,179,208,19,912,408,681,926,248,567,487,948,900,941,0.2162,0.2283,0.2632,0.269,0.2531,0.2858,0.2737,0.2896,0.3147,0.3447,0.371,0.3945,0.4347,0.4693,0.4998,0.6195,0.6665,0.7123,0.6912,0.7537,0.7947,0.7666,0.6593,0.6549,0.6488
Costa Rica,CRI,921,737,481,272,745,709,290,804,480,888,398,194,971,179,443,540,659,229,952,172,625,23,306,136,591,667,40,358,559,631,678,721,18,146,8,505,398,811,123,945,434,299,184,817,736,703,671,491,347,394,8.2916,8.5565,9.6653,9.7097,10.1375,9.735,9.5639,9.6174,10.2894,10.0755,9.8896,10.2393,10.2118,10.6394,10.7561,11.498,11.6168,13.0157,13.1399,12.9547,12.858,13.3082,13.3446,13.7769,13.8976
Cuba,CUB,733,736,350,712,695,375,471,474,188,836,633,521,470,60,410,757,668,507,77,580,537,457,204,908,261,850,450,449,818,16,498,938,925,621,693,318,298,873,247,753,314,651,894,216,300,947,888,892,493,895,53.0702,44.3786,38.6556,35.1193,36.5711,37.4095,40.0188,42.6925,42.3262,42.8962,43.4051,42.3856,40.9798,40.2177,39.6888,39.9685,40.9096,42.0345,41.4902,45.7585,49.0899,46.7181,47.5771,46.5085,46.8277
Cyprus,CYP,521,232,128,459,662,893,75,681,332,811,301,135,287,506,209,26,551,814,504,981,814,510,80,474,657,826,949,127,759,986,4,763,962,10,277,343,723,385,587,672,1000,204,582,475,605,142,212,168,476,830,5.0532,5.6093,5.9653,6.1466,6.348,6.2406,6.5573,6.6297,7.1381,7.3852,7.7236,7.6213,7.8572,8.6834,8.5788,8.769,8.8035,9.1812,9.3564,9.0863,8.8112,8.4961,7.9403,6.9364,7.0222
Czech Republic,CZE,342,890,908,623,473,97,364,607,601,49,290,421,348,836,17,402,956,610,203,478,51,741,784,367,170,123,199,278,553,502,853,962,175,687,289,458,17,205,145,798,962,372,796,57,894,185,93,996,454,842,181.0566,164.8315,158.3562,153.4895,145.9676,145.4959,147.042,144.3961,137.8697,130.5493,141.6226,141.6084,136.5724,140.8975,141.6378,138.204,138.7436,141.5069,135.9195,128.3928,130.5169,129.9681,125.4874,120.9859,116.7703
Germany,DEU,631,6,831,993,941,829,92,491,60,827,958,98,457,910,382,146,464,206,162,526,303,133,502,992,307,647,978,307,299,84,188,612,250,713,351,552,538,604,126,849,609,345,942,557,709,174,977,392,619,742,1154.1051,1124.8812,1077.8502,1067.8299,1054.4742,1048.3963,1070.5367,1033.6267,1018.268,981.0824,969.0739,984.353,967.2721,967.9244,948.6196,927.9916,938.3755,905.9013,912.3326,854.8262,892.2,864.2562,876.0749,894.057,854.0073
Djibouti,DJI,15,567,491,387,808,728,459,261,116,474,179,71,760,872,325,445,256,846,207,885,194,862,664,202,77,546,17,289,877,271,856,808,147,639,81,437,304,421,957,70,146,524,441,663,113,982,216,917,134,112,0.8948,0.8891,0.8934,0.9057,0.9176,0.9578,0.9942,1.0173,1.0224,1.0515,1.0813,1.1061,1.1394,1.1661,1.1594,1.1688,1.1596,1.2144,1.2558,1.2249,1.2836,1.2426,1.297,1.3934,1.5143
Dominica,DMA,15,434,141,988,304,76,602,723,883,720,807,38,885,8,564,100,668,815,536,801,727,601,998,526,856,687,181,589,679,103,462,791,15,176,225,304,73,436,181,333,454,42,833,866,864,824,764,13,263,89,0.1732,0.1741,0.1721,0.1759,0.1786,0.189,0.1807,0.1886,0.1849,0.1886,0.2106,0.2183,0.2058,0.2214,0.2183,0.2223,0.218,0.2617,0.2374,0.2373,0.2448,0.235,0.2428,0.2399,0.2429
Denmark,DNK,280,820,71,901,432,356,572,521,699,998,806,932,837,574,237,96,178,860,233,734,911,86,193,645,974,315,301,27,20,387,532,837,670,289,243,459,471,276,261,294,381,900,640,74,71,690,664,610,819,260,66.6723,77.2658,71.2017,73.8354,77.6614,74.4963,87.8829,78.3205,74.2522,70.8439,66.6328,67.7227,67.1045,72.6611,66.6301,62.8567,71.121,66.434,63.2441,60.7336,61.2864,56.1909,51.0317,52.8873,48.7741
Dominican Republic,DOM,901,21,918,424,370,183,791,879,568,441,984,84,862,375,230,26,35,79,44,9,278,598,606,443,5,433,948,105,60,880,742,107,401,122,692,205,745,420,170,827,33,478,197,16,259,978,917,340,971,110,15.2134,16.1398,17.8326,17.8648,19.7602,20.7331,21.7982,23.5754,25.6113,26.0903,27.4524,27.5998,29.6161,27.0347,26.2906,27.9888,29.9516,30.9622,31.3613,31.1971,32.4482,32.6492,33.2175,33.1372,33.1073
Algeria,DZA,367,714,808,480,352,844,947,252,963,507,337,203,375,397,92,717,391,1000,575,149,506,365,732,109,379,875,745,787,553,857,214,92,97,780,409,322,876,368,831,291,505,112,64,202,486,620,569,461,243,880,90.7337,90.1712,90.3222,98.361,96.6891,98.7464,99.5933,103.2832,108.1765,113.6734,117.0715,114.7477,121.4828,126.4091,129.7047,134.5421,140.7133,148.6758,153.6934,163.8497,165.5905,171.7491,182.3343,187.5171,202.0871
Ecuador,ECU,639,594,691,430,192,603,747,791,395,922,65,780,975,117,374,811,986,76,343,273,690,933,441,67,566,793,291,885,18,886,916,719,616,884,726,409,907,438,938,850,398,452,705,676,12,70,725,604,281,217,29.1162,30.188,31.7499,31.2494,32.6013,35.6661,38.8073,39.9591,39.764,35.6183,36.5542,39.2984,39.4834,39.2795,42.7854,44.0497,46.0564,46.3978,47.3034,50.0586,53.776,55.0579,56.2169,58.2986,60.6294
"Egypt, Arab Rep.",EGY,578,121,748,614,925,565,283,481,763,298,855,403,454,461,776,800,216,221,815,406,434,967,855,89,453,717,21,243,618,288,971,960,920,839,639,598,782,80,115,503,135,306,556,895,441,18,499,704,913,376,123.3388,127.7573,131.8974,133.2189,127.7224,135.828,142.7845,152.1826,159.4946,168.1489,168.6119,182.2767,187.4435,195.6899,207.4449,227.5663,235.4893,251.1878,262.3536,265.7853,267.5967,274.99,288.3518,272.3785,272.685
Eritrea,ERI,524,211,222,805,575,275,788,226,416,565,404,163,178,508,617,206,854,343,854,204,578,921,49,336,208,757,90,563,941,467,342,442,470,259,125,464,158,975,231,859,673,69,61,84,678,228,131,238,256,7,,,6.0603,5.794,5.9156,6.0697,6.392,6.7026,6.5797,6.6075,6.6328,6.4999,6.4002,6.5035,6.4905,6.4621,6.3546,6.4824,6.3511,6.3004,6.3149,6.4977,6.6207,6.6813,6.7554
Spain,ESP,796,193,680,68,15,871,279,334,970,261,759,236,180,98,714,358,479,437,699,696,561,176,920,635,938,273,24,131,947,93,216,632,199,952,327,586,542,902,16,840,573,862,710,314,293,962,613,521,67,981,271.7052,278.7947,289.6307,276.4999,287.7991,300.575,293.2927,314.18,326.2477,350.1566,367.6934,369.3148,386.9475,394.0222,409.8726,423.7214,417.2805,431.8756,394.2674,354.8803,340.0375,339.7952,331.778,306.6777,305.8181
Estonia,EST,47,38,466,807,560,873,617,140,588,580,746,144,854,295,92,547,39,450,490,1,739,352,13,25,542,781,519,2,235,92,808,109,446,557,181,822,139,788,405,181,147,111,728,299,869,68,431,341,389,405,42.9105,38.9451,29.7394,23.7073,22.5782,20.6316,21.4405,21.0155,20.4154,19.3595,18.9324,19.367,18.9978,21.0148,21.1585,21.3849,20.1564,24.0275,22.4434,19.1331,23.0397,22.1454,20.9141,23.3256,22.0363
Ethiopia,ETH,573,184,435,680,345,50,263,502,597,207,127,321,743,387,555,370,172,563,743,747,490,938,618,115,262,998,588,789,363,20,670,371,489,756,862,761,195,239,659,97,401,281,12,932,736,476,169,552,28,863,65.9973,66.4521,67.2177,61.9145,63.193,63.8906,66.9026,69.1506,74.8299,74.7212,72.3958,76.273,85.5334,83.8519,85.8107,89.3843,93.553,102.6523,106.6497,110.8278,115.2936,114.739,119.3196,123.3709,129.2132
Finland,FIN,247,955,739,621,244,598,983,422,751,936,156,699,468,345,356,296,224,637,488,648,871,875,135,342,633,454,702,829,872,881,108,27,82,939,514,63,391,846,4,229,416,52,946,585,103,416,32,8,426,231,73.6873,73.8074,70.9224,72.0966,78.7351,74.8229,80.9897,78.676,74.9644,73.9017,72.1335,77.4257,79.3083,87.0648,82.3253,69.7273,81.0394,79.1086,70.7962,67.6646,76.1792,68.4663,62.7742,63.5322,59.5276
Fiji,FJI,253,942,125,605,352,834,603,435,588,805,49,987,206,835,248,631,520,144,500,575,599,827,981,149,294,613,272,362,962,48,432,833,311,968,281,905,204,750,932,735,78,23,147,342,570,18,862,722,673,572,1.7324,1.6029,1.6833,1.7521,1.7947,1.8594,1.9118,1.8896,1.8416,1.8206,1.8578,2.1119,1.9348,2.033,2.3889,2.1152,2.2254,2.1866,1.9393,1.8103,2.2373,2.1186,2.0989,2.1994,2.2227
France,FRA,150,997,240,974,569,414,462,787,50,501,344,851,581,110,888,774,572,407,162,23,372,403,89,989,840,875,821,847,981,219,348,112,739,525,384,850,731,1,168,637,41,42,106,462,184,260,794,712,517,905,492.7267,518.8808,502.1944,482.8606,479.5558,488.658,504.0465,493.567,511.6289,504.751,498.7294,501.8357,493.8339,498.0763,498.5618,498.1051,488.8187,481.5453,475.9008,456.456,462.6836,432.7552,435.6084,440.8485,413.1144
"Micronesia, Fed. Sts.",FSM,595,23,323,28,330,608,335,459,445,71,124,960,407,15,708,190,845,994,784,115,979,189,552,942,945,124,54,318,674,585,729,949,330,839,242,876,807,610,865,208,527,509,341,316,992,463,843,300,16,885,,,0.1083,0.108,0.1114,0.1613,0.1616,0.1655,0.1724,0.1652,0.1799,0.2249,0.1994,0.1997,0.1996,0.1778,0.1781,0.1971,0.1757,0.2201,0.1727,0.1813,0.1964,0.2047,0.1803
Gabon,GAB,270,740,51,402,481,475,214,402,637,768,575,334,511,424,448,429,274,453,57,583,374,170,730,59,769,196,850,923,463,203,718,118,351,895,5,10,9,369,142,928,825,660,658,640,45,241,765,520,104,163,6.6554,6.9009,7.1885,7.312,7.0675,7.2441,7.0445,6.9078,6.7285,6.3352,5.8765,5.7674,5.568,5.65,5.7575,5.9104,5.3582,5.4161,5.4508,5.5633,6.14,7.0512,7.3869,7.344,7.2586
United Kingdom,GBR,615,890,25,764,381,354,521,830,402,294,980,924,753,467,724,660,581,249,565,247,166,72,480,802,324,476,735,886,394,684,850,17,935,392,371,759,819,353,363,633,870,174,768,304,135,694,330,695,536,415,737.7344,745.6428,721.3853,702.7208,692.3,674.5566,690.0033,660.5242,657.3484,648.5991,648.3754,656.1518,635.5173,643.619,640.3039,634.5543,634.8797,620.9046,605.2281,554.5052,571.7307,533.3438,557.5926,546.2641,506.1109
Georgia,GEO,454,166,76,322,720,588,537,162,459,17,187,164,786,585,269,292,866,358,36,826,47,413,44,966,816,675,78,175,292,144,812,232,561,570,315,605,895,734,415,254,983,806,759,241,393,162,671,215,471,905,48.0278,38.5032,31.4264,25.5361,18.1399,14.4429,13.0313,12.6004,12.4341,12.4071,13.1158,11.6809,10.9371,10.9617,11.0619,11.7051,12.0977,12.7628,11.85,12.6749,12.3058,13.8853,14.7281,15.1286,16.3822
Ghana,GHA,212,408,622,347,935,827,381,276,110,727,830,962,612,893,404,689,254,717,480,477,950,637,65,91,553,970,571,543,445,216,881,357,830,561,330,633,682,961,971,944,176,544,702,224,316,88,18,793,664,421,12.4027,12.5031,13.0577,13.3402,13.7684,14.1717,14.6656,15.1213,18.135,17.6839,18.1403,19.206,19.964,20.7762,18.953,22.1928,23.1669,22.9547,22.6954,23.8792,25.4236,27.519,29.1166,30.8917,30.2599
Guinea,GIN,199,418,59,949,270,192,488,637,136,788,76,839,938,346,612,431,29,244,267,374,335,404,613,585,529,927,385,273,383,280,509,884,306,133,37,430,824,396,666,910,854,222,857,595,349,790,559,687,815,10,7.5107,7.8168,8.141,8.4901,9.0147,9.4157,9.6006,9.8293,10.7361,10.4702,11.0554,11.2261,12.5542,12.1169,12.5029,12.9733,13.4348,13.3382,14.8425,14.7574,15.2549,15.3509,16.3306,16.4436,16.0351
"Gambia, The",GMB,872,631,541,104,125,514,98,638,27,346,486,54,764,953,225,632,779,474,983,325,27,837,74,50,997,594,467,555,446,424,858,590,437,967,360,578,383,272,776,554,490,131,513,323,888,982,62,784,508,128,3.7253,3.8737,3.9794,4.0936,4.2409,4.3854,4.5185,4.5959,4.7762,4.8859,5.0749,5.2314,5.3617,5.5516,5.8099,5.9338,6.1611,6.2786,6.5483,6.9199,7.1637,7.0464,7.2101,7.4069,7.6859
Guinea-Bissau,GNB,909,576,514,458,264,711,273,191,55,465,144,853,687,411,536,800,287,991,307,201,973,608,117,59,522,488,849,712,459,989,699,617,471,429,659,788,306,296,918,14,919,951,185,655,197,584,772,795,630,966,1.2297,1.2423,1.2751,1.2979,1.3183,1.3447,1.363,1.3484,1.3148,1.4406,1.4026,1.5027,1.5169,1.5965,1.4673,1.432,1.6731,1.5966,1.6392,1.6866,1.8409,1.8658,2.0272,1.9723,2.0245
Equatorial Guinea,GNQ,198,421,21,236,659,645,789,326,116,173,17,521,427,625,376,269,203,515,558,413,374,426,969,969,357,26,608,131,635,792,31,690,124,565,973,180,475,1000,75,642,515,33,561,968,578,546,45,491,526,893,0.1654,0.2825,0.3373,1.2488,1.2229,1.3584,3.0585,4.5116,5.6095,7.2197,8.5259,10.4919,12.6546,16.2762,18.6908,19.5562,20.1669,20.0663,19.8013,20.4282,20.2893,20.3445,20.728,20.5142,20.5799
Greece,GRC,815,939,64,614,244,725,865,904,677,242,261,636,848,723,539,770,847,995,380,343,623,223,676,589,191,575,508,592,183,850,32,417,598,411,833,530,997,885,787,116,926,963,408,128,165,930,880,58,545,452,96.2069,95.9054,97.7708,98.6833,100.9206,104.7927,105.1597,106.2303,109.6191,109.4327,117.2965,118.3838,117.6971,121.0948,120.2849,121.3044,119.6097,123.1803,117.3116,110.735,103.3464,100.9196,94.5859,87.4638,84.1137
Grenada,GRD,20,346,394,1,523,17,690,789,305,53,381,370,341,554,965,363,312,253,857,487,942,381,765,163,11,294,17,324,314,533,896,827,20,592,470,567,676,84,111,773,166,630,797,992,260,517,668,378,707,573,1.5642,1.5786,1.5968,1.6114,1.6445,1.6628,1.6783,1.7049,1.7241,1.7547,1.7624,1.7755,1.7961,1.8167,1.815,1.8353,1.8605,1.8781,1.9033,1.9136,1.9305,1.9325,1.9601,2.0022,1.9491
Guatemala,GTM,467,703,957,20,589,644,820,862,264,313,538,671,620,322,689,28,29,183,259,452,738,747,105,541,752,593,122,316,213,232,379,336,121,827,898,901,550,343,130,878,249,481,670,229,882,847,484,535,25,711,11.4134,11.7391,12.8633,13.4713,13.7044,14.6883,14.6578,15.2852,17.1218,17.5361,18.9798,19.6258,20.3985,20.5084,21.652,22.45,22.6641,23.837,22.7077,23.821,23.9876,24.4858,24.8124,26.6483,30.858
Guyana,GUY,22,665,128,541,96,845,150,976,772,805,15,642,350,430,883,550,503,338,315,192,738,28,716,667,870,67,418,444,655,327,436,385,480,48,594,935,924,344,24,801,155,99,635,451,428,727,69,506,209,239,2.4458,2.6488,2.6237,2.7288,3.0441,3.323,3.3812,3.5102,3.4934,3.6113,3.3125,3.3432,3.2463,3.3706,3.4157,3.0874,2.9184,3.2264,3.3666,3.3532,3.5795,3.6521,3.9408,4.0547,4.4776
Honduras,HND,688,621,90,598,856,210,328,668,637,427,860,110,653,496,12,678,940,633,214,821,914,537,213,518,615,868,684,632,231,76,562,695,640,912,752,780,215,571,716,348,405,759,681,730,488,15,131,803,279,674,10.4836,10.6135,10.9362,10.8214,11.46,12.2882,12.3593,12.7172,13.3345,13.2167,13.9117,14.8159,15.1714,16.7846,17.8829,18.381,17.8381,19.7413,19.4229,19.3507,19.3148,20.6585,20.8196,21.111,21.4748
Croatia,HRV,74,109,633,705,573,132,897,141,63,627,679,687,285,764,894,959,338,78,249,600,292,177,320,856,934,967,183,718,578,217,634,201,286,554,851,994,381,28,234,933,552,358,967,863,244,687,388,917,865,697,29.6373,23.4093,22.0438,22.1196,21.1611,21.4351,21.3089,23.3838,24.4254,24.4456,23.9697,25.1778,26.6315,28.1128,27.9921,28.0231,28.6669,30.0012,29.1491,26.742,25.8023,25.7075,23.9505,23.4257,22.6856
Haiti,HTI,114,816,818,657,798,198,593,508,346,477,64,338,464,789,126,110,995,167,96,347,707,14,126,428,442,963,358,410,32,79,694,665,882,818,997,903,858,697,604,731,437,451,592,353,398,117,731,342,52,919,4.6707,4.8668,5.217,4.8613,4.3472,5.1065,5.3446,5.8074,5.9469,6.0659,6.4904,6.7729,7.0516,7.0249,7.3064,7.4599,7.5162,7.8933,7.9287,7.9264,7.8357,7.9388,7.8959,8.0637,8.6718
Hungary,HUN,883,106,154,113,296,671,16,528,240,795,829,816,128,69,447,492,832,777,846,215,925,47,573,644,505,852,728,968,452,874,473,995,51,226,707,560,93,768,63,390,639,459,79,378,964,72,541,297,946,31,88.2158,84.3182,75.6074,75.3241,74.0855,72.971,74.8184,73.4569,73.8563,74.8632,71.7403,73.8355,72.8356,75.3828,74.2476,73.454,72.661,70.4317,69.5458,63.3124,63.1163,61.3492,57.8077,56.9204,56.7553
Indonesia,IDN,789,342,191,478,572,648,481,220,718,601,139,229,261,191,724,66,347,84,143,307,458,306,271,241,873,940,981,225,16,938,302,707,969,583,321,765,855,320,193,197,295,434,292,826,291,915,302,217,474,558,380.2543,396.2977,414.6292,429.544,444.7026,478.7409,494.8388,515.0563,523.5184,543.1654,538.88,559.0935,567.7198,597.3829,606.2415,609.543,632.3294,651.765,655.534,681.2795,695.4181,714.8734,734.9148,744.6847,789.4752
India,IND,949,480,285,20,57,988,884,756,138,110,162,551,437,592,877,159,872,77,45,938,750,847,139,257,406,36,613,664,470,631,74,682,652,437,723,765,615,707,462,641,790,754,233,215,334,884,656,304,78,916,1188.8433,1244.3583,1276.4516,1310.1311,1357.7079,1421.6693,1475.7352,1532.4918,1563.0584,1639.6739,1679.4802,1711.2335,1741.99,1786.5244,1883.2593,1970.257,2068.2189,2208.8707,2309.6455,2488.6843,2592.8056,2699.879,2833.2703,2909.0566,3079.8127
Ireland,IRL,777,750,832,598,455,845,653,760,415,26,745,149,753,335,528,724,815,486,362,365,951,249,445,643,926,8,653,66,594,382,810,260,550,352,857,179,976,403,907,260,41,72,703,556,747,916,181,967,185,765,53.6667,54.4391,54.7246,55.3303,56.7896,57.5501,58.7803,60.2654,63.6082,65.425,66.9182,69.2439,68.5893,68.0673,69.2327,70.6466,71.1437,69.5642,69.2612,64.073,62.7663,58.5973,59.766,59.2123,58.7061
Iraq,IRQ,887,740,353,725,560,621,842,295,60,938,784,421,180,483,697,563,82,994,427,78,192,444,721,864,433,320,144,618,393,774,883,989,931,129,560,25,247,848,553,983,974,197,608,182,655,522,247,193,578,400,155.784,124.0568,134.3421,146.1816,146.0661,130.9525,147.5137,180.7405,161.8875,160.3273,185.521,191.8928,179.2054,165.4502,164.4992,173.3779,173.8859,172.1569,185.9616,213.4824,231.3188,246.5791,270.1728,284.5679,294.8999
Iceland,ISL,943,497,587,597,550,286,379,170,691,911,367,551,97,508,957,733,396,635,93,127,999,555,540,795,333,649,814,140,793,16,305,800,936,994,530,659,780,804,383,782,804,536,737,368,231,731,282,783,568,815,3.0753,2.9664,2.913,2.8854,2.9242,2.7536,3.0674,2.9835,3.014,2.9987,3.1221,3.008,3.0753,3.0472,3.111,3.0764,3.1535,3.2251,3.0474,2.9703,2.8488,2.7793,2.704,2.8594,2.9132
Israel,ISR,65,728,831,610,780,779,44,606,134,757,825,524,887,221,806,313,38,814,721,784,821,188,737,710,528,584,787,858,612,58,657,624,537,840,525,730,390,478,663,639,192,812,330,800,807,442,201,292,113,159,42.2885,43.5072,46.4015,50.5993,54.0221,58.162,60.7716,63.4742,64.7422,66.609,71.1009,71.9042,74.9419,76.7877,76.9542,74.901,78.713,81.5236,82.0864,81.8709,87.1855,87.3215,94.583,89.5907,87.4817
Italy,ITA,747,147,760,961,714,715,114,91,67,238,239,31,749,405,832,577,59,211,705,942,397,717,541,973,752,30,960,480,129,312,333,273,26,435,762,619,262,401,393,751,296,734,309,145,97,281,356,520,194,456,491.0188,489.2065,486.9565,479.615,474.8034,497.6824,496.2418,500.2063,512.8427,521.0285,525.6145,521.9916,531.8453,549.703,560.6943,558.1968,552.5355,542.7224,525.4715,473.7434,479.11,470.575,451.3357,421.374,403.1072
Jamaica,JAM,730,965,426,637,294,695,860,760,14,749,633,113,573,628,367,260,449,316,778,966,927,563,585,176,745,487,236,622,312,229,808,943,143,555,450,56,412,477,950,906,466,885,436,744,249,122,461,871,170,215,8.886,8.8969,9.6873,9.8819,9.9207,10.2394,10.5996,10.804,11.3133,11.6005,11.6885,11.773,11.967,12.3678,12.4005,12.4377,13.6309,13.5567,11.6232,9.4616,8.931,9.3726,8.9906,9.501,9.391
Jordan,JOR,735,850,325,719,304,732,795,161,859,525,659,846,109,37,493,381,977,743,220,572,728,764,377,171,942,995,873,310,219,313,382,662,987,513,857,880,425,229,721,988,406,376,514,626,151,699,691,699,222,659,17.3556,17.4911,20.1226,20.6142,21.5161,22.1704,21.723,21.3085,20.5886,19.6759,19.4766,19.6284,21.3459,21.0192,22.9575,24.4771,24.9454,26.3792,26.0151,26.502,26.2536,26.9843,30.5223,30.4223,32.403
Japan,JPN,997,748,121,379,694,192,62,981,536,306,135,22,75,461,396,300,975,538,38,236,98,351,25,765,254,838,55,252,907,492,71,447,938,814,701,335,224,611,400,727,413,163,566,155,479,962,937,66,980,993,1171.0379,1178.6127,1191.2018,1185.3836,1238.916,1252.05,1266.5546,1259.3129,1224.8234,1264.8534,1280.8974,1266.2313,1300.4157,1304.2892,1298.7532,1303.4118,1287.6752,1330.2389,1241.1571,1175.9135,1225.8449,1281.1109,1328.2911,1353.6294,1314.59
Kazakhstan,KAZ,373,759,348,752,852,297,765,733,476,671,456,405,22,391,702,961,450,509,321,943,586,995,826,340,193,668,784,158,839,931,651,27,43,948,122,980,981,689,557,634,581,287,186,494,203,560,510,724,254,546,332.89,336.8705,333.7306,291.6447,263.6205,231.3289,203.9329,176.4538,175.6036,161.0385,156.1106,154.9383,171.9104,182.2595,199.6912,213.3169,233.9984,241.441,287.4499,260.4292,283.4199,300.6789,299.8313,313.7248,291.6327
Kenya,KEN,519,126,587,330,52,403,603,575,807,762,833,470,887,584,592,307,17,112,519,177,18,736,865,910,164,236,401,298,438,739,900,512,808,241,309,859,170,324,390,201,995,9,301,825,577,779,18,564,572,703,36.067,34.8812,34.8594,34.6108,34.8314,35.1548,34.5067,34.1576,35.3188,37.0977,35.9711,35.5406,36.3356,37.4073,39.6274,40.7897,40.4186,55.5977,56.713,56.9688,58.365,60.2467,59.4649,60.1371,60.5299
Kyrgyz Republic,KGZ,2,638,757,153,234,631,883,242,906,338,717,825,137,756,409,644,867,668,643,155,980,993,928,172,511,235,85,726,145,375,236,939,838,950,333,51,984,783,22,911,826,672,716,823,837,927,375,465,524,431,32.1268,29.1377,21.3255,16.9011,12.4853,9.401,10.3432,10.0984,10.4835,9.218,9.099,8.4426,9.3715,10.1779,10.1306,9.9738,10.0834,11.3445,12.5118,12.0553,11.7351,13.1669,15.7694,15.4959,15.1682
Cambodia,KHM,877,894,679,826,383,286,848,382,627,922,762,543,883,222,637,612,863,69,679,489,102,925,435,467,403,966,469,502,564,219,29,840,177,289,181,474,37,926,979,218,781,637,844,424,171,714,361,800,380,570,15.3511,15.2577,15.8881,16.7383,15.8945,17.8019,17.8307,17.9836,18.063,19.141,18.165,18.6399,19.1515,20.3922,21.3032,21.6394,23.0515,24.6398,24.8389,25.4169,26.2524,27.7542,27.3084,27.1265,28.8387
Kiribati,KIR,225,310,297,913,994,99,83,788,111,699,242,719,984,925,162,412,33,543,155,552,509,91,824,135,103,8,536,978,605,785,269,500,806,205,382,288,140,473,403,412,138,437,681,945,380,623,774,241,861,15,0.0356,0.0357,0.0396,0.0434,0.0436,0.0437,0.0479,0.0408,0.0447,0.0449,0.0459,0.0427,0.0583,0.0585,0.0626,0.0812,0.0889,0.071,0.0751,0.0607,0.0832,0.0835,0.0841,0.0844,0.0849
"Korea, Rep.",KOR,918,120,964,6,308,808,637,146,833,365,654,797,982,932,388,168,870,449,276,43,379,655,642,257,241,490,354,431,364,919,241,599,300,992,406,750,453,174,332,312,476,882,64,339,452,856,345,380,299,26,290.7325,315.4002,340.5471,369.3051,395.6665,427.9663,456.5211,480.607,416.3353,453.4624,510.454,526.7219,520.572,527.0543,550.0127,547.7178,556.8015,570.3736,582.6205,596.379,645.3432,670.5052,674.744,673.5412,671.1899
Kuwait,KWT,300,868,556,357,93,455,773,918,696,500,149,231,9,202,68,761,68,616,801,64,777,982,389,750,801,220,758,753,265,635,292,83,543,617,467,231,708,395,927,854,965,480,906,920,845,963,486,616,473,354,78.3789,91.6166,85.8882,99.0883,110.6601,117.8129,117.6199,119.3998,125.9642,130.577,134.6228,142.1901,148.9615,154.7653,161.6088,173.9793,176.7982,176.2524,181.1373,188.1681,187.289,192.33,197.4428,196.154,198.97
Lebanon,LBN,980,793,653,184,267,334,955,801,621,923,671,338,174,514,651,771,164,972,356,928,86,930,204,305,628,956,333,231,951,65,911,976,602,674,657,443,195,182,283,108,623,419,548,782,939,214,791,826,828,317,7.439,8.9473,9.2593,13.2817,14.4855,16.3608,17.0041,18.6665,18.7636,19.3716,17.8981,19.1668,19.0841,19.5785,20.016,19.3743,18.0232,16.7714,20.7866,24.7023,23.8694,24.4866,26.9876,26.9435,28.5954
Liberia,LBR,208,278,270,812,31,433,440,780,341,178,749,495,191,684,31,836,615,873,376,177,420,652,163,631,974,779,199,937,900,215,948,245,973,746,43,6,479,315,673,309,97,558,877,969,130,86,863,554,495,22,1.1864,0.9487,0.9481,0.9467,0.9289,0.9388,0.9794,1.0361,1.0928,1.1252,1.1737,1.2536,1.2611,1.3119,1.4255,1.5551,1.6228,1.6007,1.5576,1.5791,1.9033,2.0375,2.2001,2.1519,2.1503
St. Lucia,LCA,463,200,956,258,613,484,92,838,531,185,710,875,707,95,938,883,616,955,688,206,817,636,182,182,969,198,705,37,438,764,720,418,718,10,812,687,396,430,456,394,757,321,527,651,419,168,37,945,455,69,0.7889,0.8078,0.8484,0.878,0.935,1.0067,1.0405,1.0326,0.9904,1.0066,1.0198,1.0569,1.012,1.0495,1.0506,1.066,1.0693,1.0928,1.1082,1.1018,1.125,1.1314,1.1346,1.133,1.1379
Liechtenstein,LIE,19,498,913,76,346,609,702,751,853,862,16,722,833,622,193,666,541,132,489,515,585,219,260,531,941,626,925,160,699,760,152,262,256,748,889,6,502,350,22,154,446,637,497,965,948,242,352,58,646,2,,,,,,,,,,,,,,,,,,0.091,0.0914,0.0808,0.0841,0.0768,0.0775,0.0807,0.0743
Sri Lanka,LKA,309,599,334,81,366,800,866,774,713,899,128,247,457,840,13,972,282,513,127,52,192,283,539,17,591,133,850,977,838,519,384,803,100,90,419,706,779,619,685,884,622,865,737,125,119,211,216,496,801,795,22.591,22.3599,23.9591,24.1152,25.1986,25.2713,27.4593,27.7344,27.5944,29.203,30.7257,30.658,31.6324,32.8872,33.2132,35.1826,33.7685,34.8498,35.1752,34.4111,35.6489,38.6087,39.9605,37.8414,40.7536
Lesotho,LSO,858,221,693,579,830,11,536,922,770,920,520,856,491,310,123,149,792,634,542,64,722,209,483,699,639,522,435,324,387,522,837,85,501,375,75,929,582,5,475,683,941,556,72,199,868,440,90,379,278,382,3.1546,3.2199,3.4302,3.4609,3.4794,3.4589,3.4246,3.4116,3.3579,3.8559,3.8122,3.9704,3.6534,3.8698,3.7197,3.9923,3.8509,4.0624,3.9356,4.0407,4.1766,4.1161,4.2088,4.3381,4.3582
Lithuania,LTU,494,375,929,228,391,484,489,452,73,306,983,906,930,450,155,286,260,673,670,746,129,77,668,857,615,349,132,358,606,479,279,518,330,816,637,614,42,338,671,97,469,258,732,231,783,235,707,514,486,186,45.3193,46.842,31.6343,25.742,23.7385,22.0187,22.8353,22.6763,23.5913,21.0972,19.4434,19.8702,19.6711,20.097,21.1769,21.754,21.8664,21.6486,21.362,19.7323,20.7619,19.7005,19.8788,19.3235,19.0352
Luxembourg,LUX,292,593,681,232,179,647,370,25,149,598,204,582,104,575,344,283,998,694,146,94,250,323,702,618,844,702,396,630,251,596,809,736,581,757,252,546,215,292,603,637,948,509,979,395,107,726,258,349,510,193,11.8655,12.3967,12.03,12.3938,11.5066,9.4232,9.4932,8.9987,8.3315,8.7158,9.217,9.8475,10.6844,11.0698,12.5296,12.7578,12.631,12.1265,12.0684,11.4742,12.0998,12.0761,11.8102,11.1815,10.8109
Latvia,LVA,942,925,470,662,913,602,303,139,765,64,495,189,128,61,234,714,349,176,169,434,547,798,797,36,963,630,289,381,814,547,127,381,879,10,486,829,42,222,303,953,798,686,840,102,78,972,799,339,772,990,26.2346,24.3965,21.3227,18.3691,15.439,13.6294,13.6925,13.1143,12.7725,11.815,11.1112,11.625,11.8179,12.0433,12.1577,12.3197,12.8424,13.2655,12.9626,12.2323,13.3371,12.7199,12.5699,12.6443,12.6859
Morocco,MAR,23,440,617,856,567,871,921,475,33,388,754,734,158,740,218,388,873,707,587,421,705,67,270,753,870,397,374,491,421,239,374,710,369,598,125,747,566,904,480,315,596,588,385,559,903,982,434,292,33,605,38.1101,39.6249,40.9621,40.7212,43.5863,44.3309,45.0467,46.7437,47.617,49.6964,50.7093,54.4673,56.0631,56.0977,60.1112,63.1843,65.2197,66.1333,68.7773,68.928,72.2913,77.3349,79.5861,79.8659,81.6906
Madagascar,MDG,459,358,889,598,850,878,128,381,8,501,27,195,258,523,517,328,49,110,136,111,788,626,52,57,204,659,518,958,595,658,242,611,999,25,414,373,772,695,119,270,879,202,264,822,343,188,579,280,220,398,23.1114,23.19,23.3989,23.7511,23.7355,23.896,24.1836,24.23,24.9804,24.7626,24.1674,22.8679,20.7179,23.2948,21.7706,24.9916,23.9823,25.2343,24.4591,25.9087,26.1848,26.2522,26.8984,26.4831,26.8163
Maldives,MDV,767,847,146,793,327,969,87,368,6,60,540,306,545,375,638,189,756,353,167,473,126,780,758,737,302,626,537,131,792,145,500,919,84,472,784,616,130,877,827,155,740,425,307,659,450,962,262,846,48,682,0.2164,0.1999,0.2786,0.2475,0.2493,0.3024,0.3444,0.3865,0.3589,0.4816,0.5126,0.5253,0.6589,0.5727,0.7356,0.6714,0.8322,0.8577,0.9214,0.9648,1.0186,1.0706,1.1974,1.18,1.423
Mexico,MEX,136,823,473,115,858,258,364,158,987,698,7,811,931,48,441,794,104,252,801,905,70,398,164,685,627,363,243,148,449,448,266,1000,654,154,313,480,960,296,824,545,329,458,137,30,297,932,89,558,102,248,426.6553,447.0538,453.3838,468.2535,496.9884,479.7752,502.8258,532.9023,562.566,552.9307,583.6383,592.5952,606.8181,634.4419,651.0921,681.5917,699.7471,713.7667,728.8708,716.4998,725.7373,742.1449,741.115,733.0104,721.6543
Marshall Islands,MHL,640,139,524,798,212,511,774,144,772,636,213,566,704,929,951,979,143,982,771,405,209,503,705,916,909,591,496,114,557,111,906,494,568,467,144,379,94,752,152,133,325,116,774,780,99,164,882,941,558,420,,,0.0776,0.0855,0.0898,0.0904,0.0908,0.0912,0.0953,0.0921,0.1035,0.1078,0.1121,0.1127,0.1169,0.1139,0.122,0.1301,0.1308,0.1353,0.1361,0.1369,0.1378,0.1386,0.1395
Mali,MLI,759,330,517,164,401,577,790,104,644,61,881,912,647,190,364,679,28,993,910,128,484,304,796,176,996,784,720,495,170,136,951,294,849,51,116,974,447,512,924,155,956,142,959,309,123,478,690,72,548,625,15.3434,15.2984,15.3349,15.5284,15.7448,16.0464,15.8418,16.0804,17.2075,18.4525,18.9122,20.7594,19.8642,20.3308,24.0247,22.9644,23.85,24.5449,26.6009,25.9543,27.4212,28.4864,28.5285,29.1982,31.5341
Malta,MLT,238,683,646,344,774,601,25,69,133,671,319,474,937,579,440,381,743,491,507,507,517,439,242,726,769,805,596,522,629,409,542,582,865,674,659,813,372,837,759,484,17,463,328,498,443,570,122,168,735,877,2.5468,2.4597,2.4345,3.0825,2.7903,2.6639,2.6163,2.7837,2.6943,2.7459,2.4772,2.8559,2.7049,3.0146,3.0198,3.1637,3.0584,3.2372,3.0901,2.9909,3.1107,3.1202,3.2799,2.9785,2.9684
Mozambique,MOZ,53,546,153,288,597,382,338,811,988,153,688,840,899,868,766,867,728,666,533,547,641,994,717,935,163,770,861,871,687,454,178,301,209,179,190,833,463,649,965,556,859,795,68,578,234,270,718,371,159,833,18.2437,18.1877,18.4788,18.8415,18.766,19.339,19.4115,18.2018,20.1583,19.4094,18.5347,20.1826,19,22.5513,21.5731,22.8717,21.7553,23.5987,25.2589,24.1519,26.5121,24.8367,25.5299,27.4629,28.4267
Mauritania,MRT,247,214,530,839,760,790,796,493,846,556,987,425,634,993,110,713,562,720,751,179,272,783,820,351,904,239,937,471,332,464,844,211,159,344,553,311,589,642,613,289,283,765,352,94,292,922,24,13,221,625,6.2575,6.4588,6.341,6.5038,6.5538,6.5097,6.9234,7.1639,7.4831,7.9131,8.301,8.5319,8.5064,8.6645,9.1041,9.2072,9.2395,9.5758,9.0903,9.9433,10.4822,10.4589,10.9185,11.2128,11.2027
Mauritius,MUS,982,6,925,383,138,940,704,997,692,931,836,776,451,905,373,619,685,806,559,926,840,591,745,291,590,145,488,521,851,781,42,914,543,792,306,517,221,394,138,678,396,144,646,750,413,555,812,746,737,143,2.1318,2.2292,2.313,2.4677,2.5325,2.5876,2.7419,2.8296,3.0908,3.6043,3.9242,4.0328,4.1212,4.2822,4.3212,4.5286,4.8991,5.0362,5.1464,5.1318,5.4025,5.4305,5.5606,5.6704,5.8427
Malawi,MWI,751,503,47,897,806,87,238,896,816,958,516,454,903,525,417,811,579,389,295,715,392,371,775,918,546,793,591,736,630,76,155,318,401,417,723,818,271,749,268,698,403,309,991,440,590,156,907,360,915,298,9.1227,8.7438,8.1976,7.7916,6.8548,6.5175,6.5837,6.564,6.6287,6.5247,6.5368,6.3236,6.5459,6.874,6.8499,6.84,7.1532,7.4968,8.0908,8.0544,8.891,9.077,9.5476,10.0711,10.1969
Malaysia,MYS,140,119,988,471,405,728,333,508,903,809,413,247,783,361,472,55,451,625,250,10,365,611,50,896,919,277,952,73,841,903,912,672,331,647,360,738,689,349,860,712,933,444,503,973,232,499,29,996,363,569,103.214,112.4171,120.1079,123.8851,131.0039,139.2214,152.7594,161.4962,162.8455,172.4514,183.3901,191.2593,202.3824,212.0332,227.3253,239.3104,246.0292,264.4765,279.2293,261.0252,279.3583,280.6518,285.8392,303.1518,316.9021
Namibia,NAM,37,636,212,876,921,295,404,318,589,524,860,276,865,310,716,590,612,756,580,747,543,201,459,917,941,944,394,808,747,542,447,921,544,631,510,39,11,500,87,364,821,86,552,430,669,35,224,721,580,745,7.318,8.6395,8.6,8.6125,8.8336,8.9562,8.9416,8.8175,9.4723,9.394,10.078,9.9183,8.9213,8.9097,9.3336,10.2542,11.2524,10.3659,9.8924,11.7423,11.3144,14.4251,14.9196,11.2817,10.7103
Niger,NER,819,526,676,276,729,742,252,755,313,276,571,369,885,569,951,704,49,408,73,6,681,996,899,561,382,495,813,33,750,821,802,480,109,589,163,372,539,164,165,469,53,828,433,147,157,81,744,64,4,89,10.7912,11.2206,11.6926,12.2477,12.7475,13.2926,13.942,14.401,15.1684,15.7823,16.1912,16.9436,17.5324,18.2727,18.9129,19.6695,20.3177,21.3183,22.2291,23.3281,24.426,24.0779,25.7067,26.5887,27.9757
Nigeria,NGA,709,696,685,890,959,674,241,884,644,778,142,994,756,155,364,750,923,474,901,380,971,288,311,421,860,396,216,856,116,448,49,770,789,864,681,817,600,991,743,334,333,676,626,511,416,218,320,105,700,303,200.7855,210.307,222.0021,221.3583,218.8001,220.8763,230.5498,231.915,231.0249,232.7669,237.8466,251.8772,256.4924,263.5777,267.4313,284.6507,278.6974,277.3761,280.8178,262.3005,283.0582,297.0013,301.2454,305.0604,304.0867
Nicaragua,NIC,685,560,428,290,136,71,778,915,737,637,285,224,970,682,7,17,587,369,666,592,378,973,482,175,562,437,360,1000,75,388,927,276,374,983,283,672,365,259,153,914,120,486,765,715,976,37,142,555,469,735,9.3718,7.6961,8.5669,9.1749,9.5044,8.9686,9.0562,9.7423,10.1819,11.1849,11.6985,11.91,12.3626,13.0448,12.7963,13.0502,13.4632,13.6097,13.445,13.65,13.8744,14.3397,14.3783,14.0621,14.5156
Netherlands,NLD,858,101,337,495,818,998,115,574,866,861,736,617,561,166,26,289,856,330,915,9,979,195,282,65,973,139,413,465,319,304,563,888,75,863,400,371,841,313,715,673,798,304,70,466,33,713,735,441,725,973,197.2425,204.673,203.3263,208.0993,208.189,215.5208,223.4976,214.1189,212.5587,206.064,204.6763,208.511,206.6518,207.8853,208.5124,203.0024,197.5318,197.1037,197.4515,191.1157,200.3303,188.4977,186.9606,186.5283,180.174
Norway,NOR,876,57,333,855,69,451,761,407,50,293,579,341,219,425,31,782,68,516,350,257,323,49,350,879,750,698,238,970,914,168,592,394,493,429,578,844,248,150,650,526,713,906,608,117,187,178,552,16,242,601,45.3954,42.8588,45.4403,46.2067,47.3244,46.2449,47.2583,48.9514,50.6536,52.5466,47.1452,47.533,46.9322,49.3739,49.5466,48.2403,48.8642,49.0992,47.9148,47.5017,49.3025,48.1402,47.5755,46.5925,46.8855
Nepal,NPL,583,937,876,956,44,595,207,376,47,115,942,750,722,634,779,395,243,759,240,371,55,427,580,400,25,475,882,200,791,412,533,860,116,145,626,796,278,889,815,162,433,858,164,928,546,277,182,173,903,289,20.1544,20.6333,20.6262,21.5616,22.4681,23.6651,24.3667,25.133,25.8539,27.0775,27.6235,27.9874,27.4492,27.9262,28.1166,28.7623,28.6249,28.9069,29.9382,31.6855,32.8554,34.2053,35.7524,36.0275,37.5212
Nauru,NRU,702,175,11,765,302,245,787,619,792,650,670,961,575,602,553,952,206,505,921,201,55,913,45,525,559,54,363,595,791,356,221,820,451,128,608,295,89,162,59,451,921,167,56,428,812,619,503,516,912,64,0.1281,0.1282,0.1247,0.1174,0.1138,0.1102,0.1066,0.1067,0.1031,0.0959,0.0886,0.0851,0.0815,0.0706,0.0707,0.0671,0.0489,0.0491,0.0492,0.0457,0.0494,0.0459,0.046,0.0498,0.0536
New Zealand,NZL,671,804,630,487,54,587,495,317,868,18,283,855,778,408,944,542,618,239,598,661,440,501,39,991,51,349,139,514,675,572,758,166,925,726,793,921,578,575,203,691,381,378,284,530,117,789,30,858,224,420,64.5817,63.9965,65.1432,64.4651,66.0431,67.1538,67.3789,69.8338,68.5862,70.3478,71.0234,73.6541,74.5671,77.1925,76.2451,77.602,77.7839,76.5351,76.5593,73.8342,73.6747,73.1159,75.2315,75.0735,75.7434
Oman,OMN,86,478,493,655,757,898,747,412,872,969,118,460,72,250,873,541,783,867,351,976,531,709,607,574,400,948,430,286,306,959,737,608,615,632,547,442,550,523,877,912,608,401,987,754,115,495,534,229,509,753,39.8603,45.4492,45.637,46.2064,47.3418,50.5048,51.9177,54.5287,55.7966,60.1515,63.4262,65.4475,66.3699,66.634,65.681,64.8814,73.9277,78.0249,77.4993,80.6961,84.6052,91.4675,98.5811,101.7895,106.3043
Pakistan,PAK,508,923,382,28,825,940,145,267,707,805,735,718,859,288,39,302,235,928,705,907,50,579,920,603,298,355,514,791,628,148,302,644,878,703,793,329,851,779,119,96,37,572,94,932,110,829,960,423,360,754,154.1644,155.0553,164.2753,173.9286,178.6145,189.0722,196.6111,203.1946,207.0369,219.2813,221.0742,224.4705,230.6092,238.7029,255.8537,264.0873,282.9551,299.4668,302.4953,312.4073,307.1756,314.094,317.1444,326.774,333.3829
Panama,PAN,326,331,22,330,576,653,229,523,350,820,652,717,527,734,261,802,943,114,917,110,143,683,209,877,520,146,887,342,900,152,828,617,291,776,618,564,82,131,53,256,906,968,942,304,87,716,5,279,602,308,7.2486,7.7154,8.3601,8.6123,8.8729,9.221,9.356,9.4462,10.6288,9.9165,10.2146,11.5353,10.7646,10.9407,11.1012,12.7568,13.1825,12.9156,13.1395,14.6105,15.4629,16.4064,16.9859,17.2717,17.7577
Peru,PER,997,226,726,575,742,166,782,332,54,680,564,839,113,577,915,758,732,773,807,737,993,686,954,445,979,819,986,448,18,714,301,156,335,996,40,675,190,531,860,527,102,253,134,29,725,455,361,527,367,285,42.3869,41.3511,42.3833,43.7364,45.5903,49.755,53.1528,54.2953,54.2624,58.273,58.7799,56.9714,58.746,58.7959,63.3674,64.5022,64.5527,68.4821,73.3878,77.6129,81.2229,84.5137,85.271,86.2102,89.66
Philippines,PHL,867,134,527,256,437,488,871,578,838,777,667,771,446,280,833,248,914,967,639,512,697,560,333,533,133,55,180,786,266,476,277,190,393,116,424,811,790,579,488,26,237,829,320,661,229,851,160,759,878,705,90.0956,90.0489,92.7991,97.9407,105.2999,117.3156,125.9482,134.5987,128.825,133.2598,134.8606,134.0637,136.0349,139.1716,142.7959,144.3051,137.1512,142.9819,146.3679,148.7301,154.9661,156.802,161.6164,171.6044,181.6361
Palau,PLW,505,623,391,820,333,343,941,39,98,785,370,257,755,351,97,893,689,10,103,913,632,244,995,731,275,522,347,455,160,869,218,918,656,239,213,85,730,826,438,164,367,416,755,487,344,785,874,235,573,716,,,0.246,0.2464,0.2467,0.247,0.2474,0.2514,0.2518,0.2558,0.2635,0.2674,0.264,0.2679,0.2681,0.2757,0.2796,0.2761,0.269,0.2619,0.2695,0.3087,0.3478,0.3906,0.4334
Papua New Guinea,PNG,968,72,263,364,413,558,238,632,218,936,348,936,817,999,892,982,480,288,875,865,314,766,223,507,507,228,645,536,401,632,205,508,267,550,739,295,734,821,222,287,537,202,951,122,370,939,313,672,670,508,9.0116,9.745,10.5857,11.368,12.3943,13.1122,13.06,13.4561,13.4036,12.8331,12.8831,13.3317,13.5599,13.895,14.3717,13.9894,14.0518,15.8887,14.6531,15.1264,14.8625,15.4873,15.368,16.5435,16.7897
Poland,POL,894,198,299,235,60,325,923,312,847,116,796,685,270,21,207,181,261,386,851,174,964,717,247,364,131,413,59,755,406,48,386,415,471,311,660,407,808,598,881,199,642,707,425,133,108,952,884,778,779,450,426.2837,425.5318,415.3018,415.4872,411.0634,411.2877,425.9824,415.7699,387.8617,377.2765,362.2652,359.0425,352.059,363.7851,367.5978,368.1703,380.6614,380.0437,373.7409,360.7619,376.4705,373.7688,366.5341,361.1905,352.9075
"Korea, Dem. Peoples Rep.",PRK,261,581,382,892,371,24,654,617,893,270,924,228,216,564,996,216,22,459,772,588,269,145,485,291,139,652,512,979,535,817,908,563,49,254,546,978,773,818,132,130,343,547,721,290,138,297,480,605,372,682,155.8404,148.959,135.4449,126.4631,115.4331,107.5039,97.4176,90.36,83.3367,89.2384,94.4136,97.9173,94.1445,96.2216,98.3027,102.115,103.8442,90.8422,98.4049,98.2272,94.0842,75.2838,76.8621,63.8065,68.7168
Portugal,PRT,423,655,330,181,211,796,437,123,621,999,794,103,206,605,303,69,426,431,967,37,843,871,119,360,511,147,174,347,422,955,562,609,806,558,662,921,723,52,443,193,196,305,890,90,378,765,128,345,717,264,56.4012,58.2994,62.5532,61.5684,63.5591,67.0475,65.4751,67.8688,72.642,79.209,78.6949,78.5553,82.9109,77.6674,79.0179,81.9406,76.6915,77.0037,72.1123,71.5161,65.424,65.2906,63.3763,62.0311,61.5852
Paraguay,PRY,627,493,172,584,515,822,476,952,811,368,703,926,174,217,956,364,446,940,694,754,991,245,47,501,961,734,279,577,508,46,988,745,991,35,814,897,996,541,998,353,181,38,290,836,57,160,135,711,541,523,22.1308,21.0986,22.0486,23.896,25.4291,27.2081,27.1257,27.7252,28.1655,28.6183,26.9332,27.7698,27.257,29.2804,28.034,28.4858,29.0284,30.9006,30.5813,32.2189,34.5527,35.4607,36.966,37.7322,39.9172
Qatar,QAT,580,513,494,680,720,328,545,986,250,407,852,181,652,976,972,532,959,874,869,632,974,409,27,319,286,605,235,393,735,156,485,693,48,339,460,884,892,20,581,948,968,93,49,294,484,620,342,108,379,488,14.1619,16.3345,16.4976,17.4096,18.2671,19.1337,20.1564,21.8412,23.379,25.6731,24.6135,26.5155,30.8134,32.315,35.8175,45.0704,48.9346,54.9977,59.5822,64.6711,69.5441,72.085,81.0719,82.8463,88.1129
Romania,ROU,572,185,705,728,281,130,324,339,42,135,510,271,919,404,685,317,622,572,985,790,561,963,770,722,376,795,493,435,82,506,891,454,374,380,45,441,838,943,649,756,255,763,611,990,806,6,344,678,737,919,237.671,201.102,181.7411,169.414,164.9529,167.8534,170.0662,158.7388,143.1133,127.2462,129.2019,133.7962,132.1548,138.3477,135.8128,134.7795,137.6756,135.4848,135.0395,119.4244,115.908,121.0541,118.6238,109.4851,108.7927
Rwanda,RWA,356,242,298,357,773,980,732,312,556,607,585,861,180,241,156,92,590,464,190,248,5,114,41,946,885,428,731,960,455,257,500,151,752,886,49,821,685,268,178,681,906,814,764,239,771,196,643,810,403,375,3.7394,3.8132,3.8444,3.8628,3.8433,3.7247,3.8538,3.9487,4.066,4.259,4.3127,4.4335,4.5423,4.7953,4.9674,5.073,5.2966,5.6044,5.8124,6.0023,6.2668,6.2833,6.4565,6.6343,6.7283
Saudi Arabia,SAU,855,319,643,11,206,199,337,469,561,445,161,269,795,537,825,39,925,780,34,843,869,426,73,997,762,304,752,379,252,244,875,153,8,960,968,590,507,583,198,553,673,26,754,145,724,542,934,313,251,910,187.5226,209.1319,223.3013,231.171,244.6804,249.0872,262.214,244.5434,261.3747,266.6427,278.0135,283.5875,302.3265,315.7314,333.5702,350.7025,370.4069,389.7713,420.9901,443.2617,482.7876,503.1672,536.6972,546.437,583.3701
Sudan,SDN,820,529,248,238,83,345,292,130,805,424,11,913,835,32,201,244,269,53,573,988,381,743,859,410,448,355,716,120,359,972,959,466,727,396,565,492,884,413,941,677,191,68,40,55,77,123,801,345,196,715,77.0875,78.4565,83.8057,87.0469,92.7899,94.0393,96.0253,101.4124,107.4581,111.9204,119.4923,116.5956,128.3437,130.095,133.8822,141.3529,137.936,147.3463,147.8735,151.2507,146.9335,147.6323,112.1326,113.0076,114.1945
Senegal,SEN,841,707,899,694,263,973,881,481,305,199,35,325,531,338,155,440,183,597,524,705,291,46,355,693,189,297,513,122,95,39,997,811,590,185,927,47,104,236,350,358,443,414,70,419,667,483,257,115,692,100,13.2437,13.5327,13.9778,14.2128,14.5498,14.8142,15.2269,15.5157,15.8577,17.028,18.2269,19.7263,18.6515,17.7701,20.2019,21.106,21.45,21.3245,22.4844,22.5981,24.3722,25.0079,23.9951,25.4859,25.3179
Singapore,SGP,372,82,544,314,850,680,932,790,108,199,15,358,226,962,184,924,126,802,431,229,408,65,26,71,693,181,615,177,179,477,561,113,660,844,346,48,904,729,490,602,385,869,60,586,183,189,162,507,121,431,30.9867,32.7231,33.7767,39.2315,41.2915,41.1322,42.4983,42.5137,41.2934,42.1073,46.5105,46.324,45.5855,42.6328,44.1908,42.5954,43.2257,44.558,44.6667,45.8175,49.9498,52.7694,52.3304,52.9509,52.3803
Solomon Islands,SLB,418,817,243,782,823,564,670,145,841,825,13,649,514,938,857,324,757,962,22,176,828,20,411,752,768,338,602,690,818,143,343,927,205,733,329,14,853,119,303,305,764,460,695,652,183,342,213,471,940,668,0.3456,0.3511,0.3541,0.3603,0.3615,0.3708,0.3776,0.3845,0.3906,0.4058,0.4137,0.426,0.4332,0.4442,0.4533,0.4614,0.4731,0.4959,0.5114,0.5261,0.5363,0.5436,0.5514,0.5631,0.5706
Sierra Leone,SLE,646,186,9,507,983,321,379,459,731,50,778,420,140,156,78,642,875,892,86,810,785,157,267,353,283,349,35,534,636,579,351,794,165,200,232,551,331,142,199,28,291,410,437,933,150,283,986,622,889,433,3.8471,3.887,3.8098,3.8928,3.9363,3.739,3.738,3.6837,3.5652,3.365,3.3376,3.6288,3.9543,4.1487,4.3873,4.5489,5.2257,4.7015,5.0251,5.1255,5.387,5.8645,6.4402,6.7302,6.7313
El Salvador,SLV,552,510,704,974,51,256,820,247,802,393,928,379,879,90,210,101,755,993,74,89,144,96,862,342,105,48,177,702,517,991,750,669,381,468,280,699,61,24,967,327,26,305,733,884,296,250,368,323,642,971,6.7008,7.5214,7.9018,8.4724,9.1191,9.4163,9.3175,10.1737,10.2885,10.4392,10.3242,11.0476,11.2541,11.6291,11.7252,12.1676,12.5966,13.2192,12.6064,12.3782,12.0738,12.0315,12.2525,11.4966,11.8212
Somalia,SOM,470,631,233,482,831,869,724,234,288,808,277,795,46,710,713,174,541,299,390,136,2,801,432,543,352,348,561,772,809,913,691,522,817,318,557,258,324,648,642,992,573,351,780,42,167,594,341,935,663,318,22.266,19.5588,17.7077,19.4451,21.1488,21.6641,22.1223,22.5286,22.4853,22.5153,22.7262,23.0624,23.4123,23.8114,24.1026,24.5166,23.3587,22.3109,22.3646,22.384,22.5806,22.7123,22.9918,23.132,23.2613
Serbia,SRB,391,57,368,23,559,571,662,723,222,18,687,849,393,550,255,345,74,12,874,15,414,418,459,872,807,855,10,613,7,967,780,170,178,44,524,125,719,391,658,229,738,203,112,801,934,43,997,254,634,781,80.605,70.1727,63.8406,57.9614,54.2563,60.7418,68.1789,72.9823,72.6501,55.5136,57.7311,60.2061,63.6222,66.7182,72.301,64.7909,66.6952,65.3476,62.7893,60.0287,59.0458,63.2701,58.3934,59.0328,51.4156
Suriname,SUR,159,149,972,863,63,569,405,544,947,214,832,553,323,921,255,937,584,947,327,6,984,340,509,723,200,864,102,268,859,541,152,161,361,432,736,581,403,112,307,516,184,830,38,787,106,318,358,122,353,931,2.9181,3.2551,3.3505,3.2726,3.2668,3.3242,3.3722,3.3483,3.341,3.3651,2.6784,2.7375,2.2345,2.4273,2.5647,2.8078,2.7065,2.5876,2.7238,2.7893,3.1025,3.2173,3.3989,3.3872,3.4205
Slovak Republic,SVK,852,297,680,28,675,790,70,98,559,37,638,287,594,772,510,414,530,580,238,76,715,959,894,242,805,94,947,526,109,612,273,787,888,489,156,67,1,153,736,54,196,207,920,41,16,568,205,265,914,742,66.707,58.6557,54.7916,52.8864,49.7682,50.2997,50.2556,50.3585,49.5786,48.4685,45.7934,46.5022,46.1589,46.7268,45.725,46.885,45.9539,44.9898,44.6867,41.0324,42.6948,41.2808,39.5648,40.3202,38.1129
Slovenia,SVN,523,422,579,106,26,496,820,291,907,165,995,333,182,7,38,903,286,461,548,14,25,772,846,23,717,273,448,499,878,521,95,84,906,705,768,308,138,734,365,174,383,234,907,819,787,144,10,227,111,599,18.1439,17.1427,16.2491,16.9771,16.975,17.7589,18.5606,19.0746,18.8462,18.2057,17.9167,18.7885,18.9639,18.9882,19.1045,19.2917,19.6977,19.6395,20.799,18.8437,19.027,18.9383,18.5516,18.0226,16.709
Sweden,SWE,366,172,320,586,954,219,933,133,598,488,32,662,683,613,847,830,558,653,186,257,217,83,727,428,155,961,600,888,756,16,262,891,437,678,472,14,963,125,652,706,12,233,409,291,5,421,430,678,961,792,67.6422,68.2428,70.9668,70.9505,72.8346,72.3159,77.8628,71.5481,72.2091,70.9579,66.8418,65.818,67.2957,68.3095,66.6549,63.2746,60.6248,58.835,56.7655,53.3543,58.7267,55.3471,52.2073,50.8744,50.8732
Eswatini,SWZ,178,227,730,171,739,801,621,150,257,160,874,775,569,202,396,109,700,636,683,713,886,264,580,964,978,871,207,277,962,288,693,597,108,925,798,899,373,391,571,800,56,112,80,142,277,597,755,23,309,780,1.9863,1.9366,1.9166,1.6209,1.9819,1.9909,1.9143,2.7893,2.8109,2.8212,2.7955,2.6575,2.6363,2.6285,2.63,2.6387,2.5806,2.6987,2.7383,2.6896,2.7657,2.7755,2.9576,2.8598,2.9655
Seychelles,SYC,883,153,256,982,467,220,507,388,473,478,135,770,898,114,522,592,453,921,76,757,861,193,475,502,517,745,941,983,786,278,288,646,704,71,310,544,293,529,554,132,45,376,113,965,235,295,177,297,223,227,0.209,0.2319,0.2319,0.2437,0.2631,0.2603,0.2967,0.4043,0.4959,0.5734,0.6364,0.6987,0.6008,0.6128,0.7994,0.7523,0.7967,0.7062,0.7573,0.5886,0.5082,0.4067,0.5056,0.4695,0.5621
Chad,TCD,672,474,959,716,668,322,641,361,379,461,68,811,996,481,59,696,464,710,757,361,155,177,10,21,68,605,556,902,924,304,75,634,451,801,327,934,58,85,332,202,782,805,338,610,49,109,502,291,329,392,15.4943,15.6521,15.8725,16.0469,16.2325,16.5814,17.024,17.4856,17.5043,18.5123,20.2416,20.4338,23.4049,25.7049,26.6178,28.9219,28.0701,28.708,28.4248,26.7879,27.131,28.4486,28.4373,28.5323,27.4662
Togo,TGO,726,731,861,287,932,842,27,798,800,614,640,992,237,94,352,247,791,759,819,42,89,593,746,651,510,552,188,57,891,453,80,426,849,11,918,608,855,53,871,475,328,269,811,407,155,739,742,257,660,767,3.5364,3.3764,3.0956,2.9764,3.2817,3.2109,3.7785,3.8262,4.4444,4.5524,4.6724,4.5718,4.6775,5.0502,4.7363,5.5202,4.914,4.9529,5.6044,6.7238,6.5638,6.6015,6.5139,6.8608,6.9944
Thailand,THA,29,978,116,25,379,647,74,675,256,630,426,793,967,638,230,322,179,98,253,319,861,595,561,240,553,780,672,951,392,70,968,18,688,386,915,978,911,691,136,744,549,359,59,728,105,103,882,509,621,201,152.0323,163.8889,176.1261,192.8852,208.0081,225.7775,246.6002,252.4783,230.2263,240.9572,242.2554,253.2458,264.5703,277.7027,296.1646,305.2494,308.6343,319.1668,323.6454,320.8951,338.9267,336.3769,356.2295,366.3679,358.4186
Tajikistan,TJK,505,438,793,801,806,253,471,216,467,248,929,341,636,112,431,377,794,495,249,183,950,369,537,108,721,405,160,280,341,346,192,260,573,464,960,976,559,990,318,962,504,581,932,510,21,386,690,907,971,590,17.3192,16.288,13.1327,10.2167,8.0169,7.356,6.8092,6.9859,6.948,6.5352,6.0839,6.0784,6.0732,6.2558,7.0141,7.129,7.6826,8.3857,8.6938,8.3202,8.3826,8.6868,9.3865,10.2444,11.9556
Turkmenistan,TKM,746,431,711,479,874,895,737,345,363,762,473,799,79,550,907,853,384,637,27,721,105,827,47,78,331,132,55,210,956,476,420,756,940,660,889,55,656,672,513,203,259,456,300,625,134,904,735,821,157,73,72.4903,64.7634,51.9366,50.577,56.2489,56.3644,53.6941,54.6525,55.9869,62.7821,65.5358,68.5351,71.9554,78.9882,83.0989,86.2266,88.5808,95.451,97.3167,91.0942,98.9085,105.6302,109.7318,112.285,114.9934
Tonga,TON,760,945,347,986,198,295,853,153,562,839,143,820,585,652,724,621,778,177,94,753,111,699,55,465,471,951,924,304,357,723,957,792,288,340,608,55,169,214,828,117,819,974,562,942,510,923,962,358,201,131,0.2278,0.2467,0.2243,0.239,0.2452,0.2455,0.229,0.2521,0.2425,0.2677,0.2565,0.2512,0.268,0.3087,0.2841,0.2882,0.3035,0.2893,0.2993,0.3399,0.3197,0.2902,0.3103,0.3164,0.3332
Tunisia,TUN,89,593,431,170,918,703,183,635,791,258,791,43,760,376,227,893,924,794,189,60,420,660,605,674,250,496,930,837,29,645,804,553,766,781,376,792,152,114,263,523,94,148,736,728,714,249,88,758,529,890,19.3967,20.3627,21.1858,22.7361,22.5751,22.9325,24.0996,24.4946,25.5616,26.7091,27.9971,28.766,28.7322,29.037,30.1305,30.6967,31.7792,32.3562,32.7868,33.4059,35.7828,34.1016,35.4877,35.6478,38.1666
Turkey,TUR,173,309,303,509,624,17,789,834,143,66,708,357,561,421,582,39,921,332,723,693,613,201,498,715,261,107,842,740,649,657,519,896,645,561,401,613,717,46,682,347,449,992,267,768,377,12,364,173,168,880,199.8824,204.4727,215.7234,227.1294,225.7385,244.6267,263.4771,273.6093,277.437,276.9811,303.2802,278.3483,288.4454,299.4328,304.9306,316.1324,342.7011,369.5271,368.0703,363.3341,375.0105,395.9018,420.3549,408.4574,431.4751
Tuvalu,TUV,145,990,455,18,32,934,578,242,932,380,226,151,46,862,550,941,703,981,33,529,774,533,893,354,578,12,13,63,626,437,603,715,189,95,716,847,969,175,215,105,606,797,190,869,462,405,157,693,928,909,0.017,0.0177,0.0179,0.0178,0.0179,0.018,0.0181,0.0183,0.0184,0.0185,0.0186,0.0187,0.0226,0.0226,0.0227,0.0228,0.0192,0.023,0.023,0.0231,0.0195,0.0196,0.0234,0.0235,0.018
Uganda,UGA,117,738,755,358,535,401,270,39,316,821,67,311,972,188,568,421,98,642,257,179,239,826,236,634,965,376,653,40,450,1000,189,221,924,416,50,32,359,234,936,959,45,493,483,780,102,334,456,199,927,356,14.2371,14.7734,15.1065,15.5377,15.3486,15.9557,16.089,16.8064,17.8754,17.3016,17.5639,18.1837,18.5694,20.5845,20.1867,22.9262,20.6,23.8495,29.5416,29.1482,31.2868,31.2207,32.5153,33.3286,34.1129
Ukraine,UKR,769,60,654,705,131,425,473,755,747,529,730,342,278,603,98,827,961,966,915,902,150,487,126,203,591,55,820,459,2,618,438,407,570,21,231,368,917,256,559,815,686,44,29,231,905,61,846,235,380,919,896.8317,847.9462,744.9444,655.2487,560.0326,529.7066,469.2154,446.3514,420.0461,413.5979,402.6963,404.5186,409.3451,439.5704,413.7032,400.2808,408.7583,416.1027,404.6315,354.8086,372.5205,387.875,381.5245,375.9455,347.5459
Uruguay,URY,842,731,459,79,888,589,276,788,423,281,4,476,468,768,856,278,745,207,439,940,189,642,704,14,163,665,872,792,758,819,270,719,708,669,586,246,468,979,149,216,669,578,349,102,715,127,224,755,540,210,26.0596,27.548,28.9861,29.4194,29.2819,29.4949,30.8125,30.5642,30.215,31.2033,29.3336,29.0994,29.3195,30.132,31.8204,31.9405,33.9728,32.9628,35.4596,35.3419,32.7712,34.3505,34.6884,34.0057,33.2163
Uzbekistan,UZB,656,349,350,37,980,747,585,926,912,512,957,954,464,528,421,590,488,537,140,562,445,781,190,297,415,671,47,95,816,339,511,805,871,485,898,343,896,237,250,150,557,145,11,157,351,626,967,398,432,671,191.8647,197.9668,188.4699,192.201,189.7971,180.6496,182.1042,187.457,204.6181,207.7552,208.6924,211.196,213.6653,211.8598,210.9883,208.1455,217.0448,219.7121,221.562,215.0599,216.0626,228.1309,233.6175,225.7986,231.0922
"Venezuela, RB",VEN,24,877,235,321,277,34,577,456,825,415,151,149,64,76,698,359,507,668,137,151,743,24,285,99,802,318,118,507,600,469,671,589,38,555,516,989,383,930,859,905,467,763,425,240,169,799,621,909,377,934,171.1796,172.7787,176.6315,182.9575,185.4084,193.7978,208.4795,215.0665,213.1243,202.3902,213.0652,217.4547,217.987,215.6306,220.1074,237.0501,226.6539,229.9562,263.2714,262.6864,263.4519,248.3921,273.6175,268.7571,271.1354
Vanuatu,VUT,616,360,148,131,16,91,39,246,548,837,123,120,397,384,73,226,509,542,208,125,261,191,369,698,165,354,615,632,315,396,781,271,169,130,800,564,45,389,699,120,663,603,431,359,475,235,894,491,817,603,0.4473,0.4605,0.4785,0.5031,0.5091,0.5157,0.5377,0.5413,0.5414,0.5455,0.5271,0.5134,0.5149,0.5298,0.5152,0.5235,0.5222,0.6433,0.6463,0.646,0.6592,0.6856,0.675,0.6735,0.7291
Samoa,WSM,702,614,262,934,621,570,674,153,217,887,81,350,793,744,18,845,623,937,609,409,109,962,468,143,448,118,735,513,585,223,928,604,399,160,676,165,33,847,157,601,548,929,147,504,905,726,118,56,309,714,0.3325,0.3367,0.3367,0.3405,0.347,0.3477,0.356,0.3606,0.3671,0.3783,0.4021,0.4218,0.4005,0.4111,0.4107,0.4228,0.4278,0.4365,0.4453,0.4539,0.4548,0.4707,0.4683,0.4696,0.4709
"Yemen, Rep.",YEM,885,671,230,750,745,789,385,199,34,514,267,802,261,77,837,619,373,682,220,708,221,215,633,483,300,187,703,696,157,317,874,312,798,848,727,132,467,780,51,557,868,924,835,807,505,849,977,145,433,548,11.9895,13.632,14.4009,13.4986,13.8671,15.3971,15.7961,16.9014,18.0484,19.6519,20.5639,22.1001,22.2551,25.1134,26.3251,27.3677,27.6233,29.2998,30.9142,34.732,33.2571,29.4039,28.7025,35.6522,34.0082
South Africa,ZAF,913,757,754,867,229,578,936,124,325,733,791,814,777,632,133,431,140,214,879,70,924,163,495,154,186,749,463,285,586,157,324,9,621,253,973,342,885,910,631,816,702,37,708,605,12,262,596,220,901,366,307.2053,302.9487,299.7879,308.1646,314.0302,326.9245,338.4412,354.4037,363.2446,345.5729,352.4945,389.31,401.8235,422.6017,450.8811,450.607,452.3843,471.9805,505.4988,482.0729,489.8552,478.8517,493.0983,510.2231,524.895
Zambia,ZMB,875,197,895,782,849,778,636,16,710,4,458,567,13,62,212,8,526,103,776,479,194,272,607,132,748,630,184,256,567,66,811,192,186,601,215,409,601,920,277,243,146,994,15,414,921,775,650,378,9,393,41.5585,41.4408,41.1258,40.2397,39.1144,38.3807,37.0443,37.3849,38.5659,36.4704,35.3614,37.8933,36.9474,39.5005,41.2642,43.0962,41.2843,42.0176,43.2786,43.1116,45.7985,45.7977,48.5919,50.4074,51.201
Zimbabwe,ZWE,392,321,17,255,443,92,602,912,683,670,438,995,515,608,988,585,418,229,553,982,82,583,638,296,20,644,190,410,32,396,361,648,737,682,693,500,455,620,894,882,527,250,637,346,809,818,975,629,86,127,33.051,33.465,34.1675,30.8451,30.0476,29.6123,30.9024,29.7537,30.6996,32.8545,30.1376,30.7063,27.2482,24.7989,24.98,25.0169,24.5678,24.7769,23.2327,23.2524,25.4643,27.6055,27.3979,27.3977,27.7244
