Country Name, Country Code, p1990, p1991, p1992, p1993, p1994, p1995, p1996, p1997, p1998, p1999, p2000, p2001, p2002, p2003, p2004, p2005, p2006, p2007, p2008, p2009, p2010, p2011, p2012, p2013, p2014, g1990, g1991, g1992, g1993, g1994, g1995, g1996, g1997, g1998, g1999, g2000, g2001, g2002, g2003, g2004, g2005, g2006, g2007, g2008, g2009, g2010, g2011, g2012, g2013, g2014, ghg1990, ghg1991,ghg1992,ghg1993,ghg1994,ghg1995,ghg1996,ghg1997,ghg1998,ghg1999,ghg2000,ghg2001,ghg2002,ghg2003,ghg2004,ghg2005,ghg2006,ghg2007,ghg2008,ghg2009,ghg2010,ghg2011,ghg2012,ghg2013,ghg2014 
Afghanistan,AFG,12412308,13299017,14485546,15816603,17075727,18110657,18853437,19357126,19737765,20170844,20779953,21606988,22600770,23680871,24726684,25654277,26433049,27100536,27722276,28394813,29185507,30117413,31161376,32269589,33370794,0,0,0,0,0,0,0,0,0,0,0,0,839,888,886,979,1032,1176,1218,1455,1637,1627,1807,1875,1898,15.2128,15.2864,14.0105,14.0281,13.9854,14.3349,15.3232,16.2845,17.1244,18.0006,16.496,15.2094,17.6991,18.4304,18.1513,18.9847,19.6229,20.3989,23.63,26.9429,30.6296,34.713,34.5016,33.1709,33.3661
Angola,AGO,11848386,12248901,12657366,13075049,13503747,13945206,14400719,14871570,15359601,15866869,16395473,16945753,17519417,18121479,18758145,19433602,20149901,20905363,21695634,22514281,23356246,24220661,25107931,26015780,26941779,3090,3120,2908,2191,2196,2496,2795,2953,3027,3038,3097,3191,3564,3615,3979,4555,5049,5697,6221,6093,6230,6346,6773,6980,7199,52.2201,53.8142,55.0744,56.7951,57.8733,63.2029,63.7696,64.5327,67.6438,67.6789,68.9825,73.8661,78.2501,89.9323,95.7309,99.0156,105.9221,119.1198,127.0014,137.1651,147.6876,151.1196,150.5324,155.8722,157.8168
Albania,ALB,3286542,3266790,3247039,3227287,3207536,3187784,3168033,3148281,3128530,3108778,3089027,3060173,3051010,3039616,3026939,3011487,2992547,2970017,2947314,2927519,2913021,2905195,2900401,2895092,2889104,2549,1909,1823,2057,2290,2666,2980,2717,3021,3472,3861,4301,4661,4995,5423,5865,6560,7276,8228,8815,9628,10208,10526,10571,11259,11.692,9.119,6.8705,6.597,7.1382,6.6947,6.4076,5.6799,5.9166,7.0848,7.3741,7.3494,7.9868,8.4026,8.4785,8.2514,8.1501,8.1888,7.9577,8.0308,8.3122,8.7857,8.3722,8.557,9.0365
Andorra,AND,54509,56671,58888,60971,62677,63850,64360,64327,64142,64370,65390,67341,70049,73182,76244,78867,80993,82684,83862,84463,84449,83747,82427,80774,79213,0,0,0,0,0,0,0,0,0,0,0,0,0,0,0,0,0,0,0,0,0,0,0,0,0,0.4294,0.4307,0.4321,0.4371,0.4348,0.4545,0.485,0.4971,0.5238,0.5469,0.5591,0.5604,0.5691,0.5742,0.6012,0.6172,0.5898,0.5843,0.5861,0.5659,0.5678,0.5434,0.5411,0.5315,0.5181
United Arab Emirates,ARE,1828432,1937153,2052891,2173139,2294385,2415090,2539126,2671362,2813214,2966034,3134062,3302719,3478777,3711932,4068570,4588225,5300174,6168838,7089487,7917372,8549988,8946777,9141596,9197910,9214175,72907,71754,71568,70082,72472,74994,76849,80390,77421,76654,82215,80844,79863,82946,85147,81635,79971,72802,66641,56976,54230,56574,58961,62642,66517,74.6428,81.3419,80.0797,83.1663,90.0009,95.035,98.8222,105.0768,108.3051,111.0274,110.0929,122.6269,125.7554,132.3778,139.7685,147.171,153.8065,165.1836,191.2976,191.5703,196.2646,204.2663,214.368,218.7826,221.5072
Argentina,ARG,32618651,33079000,33529326,33970111,34402672,34828170,35246374,35657429,36063459,36467218,36870787,37275652,37681749,38087868,38491972,38892931,39289878,39684295,40080160,40482788,40788453,41261490,41733271,42202935,42669500,7380,8211,8943,9777,10436,10225,10857,11803,12256,11879,11917,11515,10310,11308,12528,13917,15335,16995,17850,16753,18525,19817,19764,20366,20008,233.0957,237.5316,241.8817,242.0501,252.1711,253.8123,262.9425,266.9057,268.589,275.3448,277.5082,271.2806,263.9795,284.2345,299.1197,302.6715,316.2335,326.8328,335.5216,319.7705,320.1575,328.1953,333.9591,334.2374,348.6472
Armenia,ARM,3538171,3505258,3442817,3363108,3283667,3217348,3168221,3133089,3108687,3089022,3069591,3050687,3033978,3017932,3000720,2981269,2958307,2932618,2907618,2888092,2877319,2876538,2884229,2897584,2912403,2429,2238,1356,1296,1429,1592,1743,1852,2026,2136,2327,2622,3031,3540,4038,4773,5609,6609,7265,6327,6566,7020,7649,8003,8405,23.9429,24.5752,14.2386,8.132,5.6361,6.2392,5.1794,5.7977,5.7513,5.253,5.595,5.7346,5.3548,5.7674,6.1323,6.8682,7.0136,7.8072,8.3775,7.2457,7.0715,7.7079,8.6009,8.5935,8.6263
Australia,AUS,17065100,17284000,17495000,17667000,17855000,18072000,18311000,18517000,18711000,18926000,19153000,19413000,19651400,19895400,20127400,20394800,20697900,20827600,21249200,21691700,22031750,22340024,22733465,23128129,23475686,17330,17791,18189,19132,20064,20894,21972,22935,24197,25264,26329,27337,28718,29694,31327,32575,34307,36560,37459,40300,39324,41965,42827,45902,46880,478.2095,477.0836,477.0781,478.3845,485.4769,493.1283,495.6323,501.9787,529.9795,565.999,588.0207,594.7678,593.9823,537.0973,583.9559,558.6473,593.3024,593.2156,573.521,587.8017,561.6214,646.9771,648.6069,580.0997,589.7345
Austria,AUT,7677850,7754891,7840709,7905633,7936118,7948278,7959017,7968041,7976789,7992324,8011566,8042293,8081957,8121423,8171966,8227829,8268641,8295487,8321496,8343323,8363404,8391643,8429991,8479823,8546356,19442,20585,21260,21698,22607,23660,24529,25424,26675,27606,29380,29715,31179,32109,33743,35014,37623,39393,41316,40927,42006,44453,46457,47922,48800,74.9927,78.9379,73.7873,73.7721,73.6969,76.3133,79.8759,78.7915,79.2308,77.3638,77.3954,81.501,82.9353,88.7603,88.5856,89.0648,86.4195,84.0461,84.3307,77.9121,82.8152,81.1072,78.1579,78.4743,75.1477
Azerbaijan,AZE,7159000,7271000,7382000,7495000,7597000,7685000,7763000,7838250,7913000,7982750,8048600,8111200,8171950,8234100,8306500,8391850,8484550,8581300,8763400,8947243,9054332,9173082,9295784,9416801,9535079,5704,5765,4495,3486,2820,2511,2564,2733,3011,3252,3663,4083,4505,5019,5582,7290,9989,12724,14048,15163,15884,15754,16193,17216,17809,74.8595,83.5539,59.4784,67.4413,60.6565,58.2767,53.2786,53.0013,53.4701,53.4343,55.1549,54.8951,55.2026,52.327,53.0363,56.4608,56.7838,52.7332,57.5843,55.788,57.4039,63.5647,67.4535,69.7221,72.5978
Burundi,BDI,5438957,5564926,5685565,5798053,5898967,5987043,6060111,6122130,6185562,6267124,6378871,6525545,6704113,6909154,7131693,7364862,7607849,7862214,8126102,8397668,8675602,8958406,9245988,9540289,9844297,667,707,715,673,650,602,557,552,579,574,571,582,602,587,612,617,649,667,690,698,719,739,762,789,812,2.2159,2.3007,2.3398,2.3666,2.3097,2.3893,2.3503,2.3557,2.2444,2.2379,2.2397,2.156,2.0378,1.9553,1.994,1.9533,2.0776,2.1401,2.2713,2.3736,2.5638,2.7468,2.9072,3.0429,3.3016
Belgium,BEL,9967379,10004486,10045158,10084475,10115603,10136811,10156637,10181245,10203008,10226419,10251250,10286570,10332785,10376133,10421137,10478617,10547958,10625700,10709973,10796493,10895586,11038264,11106932,11159407,11209057,18759,19676,20349,20551,21600,22532,22891,23928,24564,25642,27988,28958,30483,31056,32238,33332,35386,36873,38134,38009,40052,41284,42436,43611,44605,129.4493,134.4432,133.0524,130.8931,136.216,136.0763,141.058,137.7708,139.6673,136.4637,136.3495,136.5888,129.8198,133.7008,132.1099,128.2769,125.2302,121.3933,124.1466,116.342,125.18,113.9778,112.0333,113.4088,107.5032
Benin,BEN,4978496,5149499,5331803,5521763,5714220,5905558,6094259,6281639,6470265,6664098,6865951,7076733,7295394,7520555,7750004,7982225,8216897,8454793,8696921,8944708,9199259,9460830,9729248,10004588,10286842,949,989,1006,1052,1059,1110,1142,1192,1217,1262,1326,1385,1428,1460,1519,1547,1609,1702,1769,1774,1782,1821,1892,2006,2114,5.0074,4.9879,5.0614,5.1487,5.3578,5.221,5.9461,6.2646,6.5097,6.4701,6.9613,7.0806,8.1615,7.9807,7.9902,9.2864,9.8075,10.5927,10.3598,10.8381,11.1117,11.3931,11.5466,12.1686,12.7148
Burkina Faso,BFA,8811034,9050084,9297113,9552476,9816588,10089878,10372745,10665546,10968724,11282701,11607942,11944587,12293100,12654621,13030569,13421930,13829176,14252021,14689725,15141098,15605217,16081911,16571246,17072775,17586017,548,602,600,619,623,654,719,757,798,846,856,906,933,995,1037,1128,1199,1262,1339,1348,1394,1473,1551,1620,1672,11.0379,11.4474,11.8309,12.1728,12.6086,13.055,13.4884,14.2619,14.6295,15.1964,14.6944,14.5524,15.1997,18.1673,18.4155,19.0406,18.9301,19.5479,20.2584,20.8081,21.5909,21.9422,22.2495,23.5054,23.5008
Bangladesh,BGD,103171956,105599127,107983704,110350639,112737683,115169930,117649932,120160564,122682815,125189651,127657854,130088702,132478086,134791603,136986432,139035505,140921167,142660376,144304167,145924797,147575430,149273778,151007807,152764676,154520167,860,899,948,995,1033,1085,1131,1177,1226,1276,1347,1419,1470,1541,1639,1774,1923,2089,2232,2336,2467,2651,2845,3033,3241,84.934,85.1494,86.987,88.228,90.6004,95.6969,96.5136,98.8883,99.0591,103.2217,106.0589,111.2392,114.4974,115.7754,117.4141,121.6696,126.723,129.5514,139.8082,144.2122,152.4967,158.1435,162.1276,164.5165,167.7068
Bulgaria,BGR,8718289,8632367,8540164,8472313,8443591,8406067,8362826,8312068,8256786,8210624,8170172,8009142,7837161,7775327,7716860,7658972,7601022,7545338,7492561,7444443,7395599,7348328,7305888,7265115,7223938,7493,7163,6867,6981,7284,7684,6779,5697,6141,5767,6378,6909,7726,8343,9123,10211,11314,12801,14329,14146,14934,15676,16208,16571,17534,99.3425,79.2568,74.1911,72.8513,69.6499,69.3575,69.6223,67.0836,64.3429,58.2163,57.2534,59.9948,57.7467,62.0951,61.2824,61.6913,62.6915,66.5173,64.4357,57.6064,59.2337,64.6284,59.3692,54.8586,57.8046
Bahrain,BHR,495931,509760,523086,536210,549583,563697,578666,594931,613700,636541,664611,697545,735146,778708,829844,889164,958418,1035919,1114641,1185076,1240860,1278151,1299943,1315029,1336075,22786,25491,27108,30555,30372,31420,32449,33099,34002,34685,35763,35689,35643,36338,37462,38492,39171,40300,40567,39423,39740,40168,41755,44275,46333,13.5272,13.2061,15.2231,16.0953,16.4842,16.7173,17.4271,17.7377,18.921,18.9232,19.4104,19.9951,21.0231,21.7231,21.8091,24.6925,26.618,27.1198,28.9698,29.026,30.4308,30.5806,31.2078,33.4831,35.0448
"Bahamas, The",BHS,256223,261008,266029,271069,275846,280184,283978,287358,290597,294062,298051,302618,307660,313129,318894,324859,331033,337389,343681,349604,354942,359577,363584,367168,370633,20120,19566,18883,19029,19700,20669,21643,22206,23253,24976,26238,27102,27812,27482,27956,29259,30326,30996,30300,28761,29099,29504,30656,30763,31006,2.1263,1.96,1.9709,1.8813,1.8719,1.8732,1.8715,1.5683,1.8977,1.8888,1.8827,1.7869,1.7968,1.7427,1.9716,1.9836,1.9123,1.9457,1.7671,1.9077,1.9252,2.1556,2.2552,3.1042,2.7145
Belarus,BLR,10189000,10194000,10216000,10239000,10227000,10194000,10160000,10117000,10069000,10026738,9979610,9928549,9865548,9796749,9730146,9663915,9604924,9560953,9527985,9506765,9490583,9473172,9464495,9465997,9474511,5429,5543,5114,4826,4358,3999,4201,4780,5265,5546,6027,6484,6963,7645,8810,10006,11409,12782,14409,14581,15928,17167,17807,18299,18950,136.5524,131.5433,117.0869,104.3462,91.5598,83.4931,84.0954,84.6086,82.7694,80.499,77.896,76.8312,76.6572,77.8948,81.5603,83.0652,86.3074,85.1507,88.9667,87.2584,91.5163,89.2079,90.4112,90.4979,89.5802
Belize,BLZ,187552,191128,194324,197622,201680,206963,213664,221580,230244,238988,247315,255063,262378,269425,276504,283800,291329,299025,306823,314655,322464,330237,338000,345715,353366,3320,3754,4232,4527,4538,4544,4546,4617,4662,4956,5533,5758,5977,6482,6787,6995,7342,7426,7617,7534,7689,7830,8026,8053,8324,5.4621,5.6398,5.7951,5.935,6.0669,6.1775,6.2724,6.5206,6.6769,6.8294,7.0324,7.2635,7.4893,7.7339,7.7397,7.9614,8.1817,8.4337,8.5933,8.9853,9.1103,9.3827,9.4379,9.6811,9.8017
Bolivia,BOL,6864842,7011453,7160920,7312850,7466793,7622338,7779267,7937458,8096761,8257066,8418264,8580235,8742814,8905823,9069039,9232306,9395446,9558439,9721454,9884781,10048590,10212954,10377676,10542376,10706517,2403,2560,2606,2724,2852,2986,3109,3253,3387,3384,3478,3546,3623,3721,3909,4135,4387,4630,4926,5045,5228,5525,5825,6231,6593,20.8505,21.418,23.0638,24.5963,26.4354,26.3757,26.2347,26.7071,27.8921,28.0406,28.1764,26.9653,28.7941,30.4813,33.0611,34.5329,35.1963,36.6144,37.7286,38.9853,43.4382,43.2062,46.5951,47.1044,48.4667
Brazil,BRA,149003223,151648011,154259380,156849078,159432716,162019896,164614688,167209040,169785250,172318675,174790340,177196054,179537520,181809246,184006481,186127103,188167356,190130443,192030362,193886508,195713635,197514534,199287296,201035903,202763735,6711,6920,6925,7298,7724,8103,8300,8595,8588,8624,9074,9274,9582,9748,10461,11005,11659,12568,13332,13288,14320,15062,15507,16111,16358,556.3648,574.5559,584.9415,594.5369,610.9471,636.3779,645.4109,672.6958,692.9023,705.3756,721.7813,744.2633,765.5213,777.6987,814.8983,827.5413,826.2242,854.5021,869.0668,856.2575,931.758,954.8245,994.5386,1017.8745,1051.0013
Barbados,BRB,260936,261905,262886,263874,264893,265955,267049,268187,269336,270451,271515,272500,273425,274329,275284,276323,277477,278700,279946,281104,282131,282987,283700,284296,284825,9165,9070,8597,8875,9371,9722,10251,10875,11360,11514,12248,12175,12424,12886,13372,14283,15485,16110,16371,15775,15943,16333,16651,16910,17201,2.8621,3.0207,2.8196,2.9771,2.6423,2.7507,2.7864,2.841,3.092,3.1698,3.1557,3.1891,3.1911,3.2398,3.2817,3.3342,3.3597,3.3611,3.6325,3.6348,3.5402,3.5703,3.5599,3.5448,3.3554
Bhutan,BTN,530804,534632,534516,532596,531897,534620,541465,551709,564377,577881,591021,603640,616018,627839,638815,648739,657410,664876,671613,678323,685503,693298,701583,710238,719056,1527,1561,1671,1751,1879,2044,2169,2282,2389,2556,2732,2958,3260,3508,3749,4078,4430,5304,5608,5968,6675,7269,7693,7898,8405,0.7296,0.7776,0.7762,0.7456,0.7768,0.8653,0.9003,0.995,0.9913,1.0186,0.9836,0.9484,0.9644,0.9399,0.8766,1.0191,0.997,1.0144,0.9902,0.9699,1.064,1.3072,1.3845,1.4949,1.5272
Botswana,BWA,1286756,1326322,1363554,1399110,1434059,1469174,1504730,1540425,1575824,1610264,1643334,1674678,1704642,1734398,1765527,1799078,1835908,1875459,1915639,1953498,1987105,2015402,2039551,2062536,2088614,5517,5946,6088,6190,6392,6818,7174,7722,7668,8348,8529,8574,9076,9506,9850,10421,11401,12409,13159,12007,12964,13839,14558,16310,17092,12.5736,12.0664,12.3803,12.1081,12.3552,13.2577,14.8846,14.5522,14.2899,14.3649,14.2482,14.69,13.8788,9.3009,9.8016,10.3533,12.7628,10.9125,17.3116,11.5214,18.7874,22.2055,13.5452,12.9796,14.1803
Central African Republic,CAF,2806734,2878509,2959236,3046149,3135015,3222656,3308233,3392436,3475492,3558014,3640427,3722018,3802128,3881181,3959875,4038382,4118069,4198010,4273366,4337625,4386768,4418636,4436415,4447942,4464175,638,639,595,594,618,658,627,655,677,695,677,707,728,687,733,748,792,835,853,919,962,1016,1084,703,715,35.9112,36.9387,37.7156,38.4872,39.3206,40.1712,40.6708,41.0952,43.2111,41.2591,44.3236,43.2168,41.486,47.7154,44.0617,46.5456,46.8487,47.941,49.6629,45.1868,47.9691,49.7608,46.4095,49.2281,48.5662
Canada,CAN,27691138,28037420,28371264,28684764,29000663,29302311,29610218,29905948,30155173,30401286,30685730,31020902,31360079,31644028,31940655,32243753,32571174,32889025,33247118,33628895,34004889,34339328,34714222,35082954,35437435,20174,20161,20557,21367,22556,23402,23962,25168,26220,27746,29265,30108,30853,32225,33797,36211,37999,39440,40276,38797,40012,41569,42189,44189,45646,560.0403,555.7398,570.5222,571.1014,590.996,606.7379,624.2119,640.2406,650.3115,658.8844,679.7555,672.6715,681.4384,702.3799,696.6948,708.3402,695.4153,731.7513,716.9919,685.1074,699.5197,713.3584,718.5661,738.3825,745.1087
Switzerland,CHE,6715519,6799978,6875364,6938265,6993795,7040687,7071850,7088906,7110001,7143991,7184250,7229854,7284753,7339001,7389625,7437115,7483934,7551117,7647675,7743831,7824909,7912398,7996861,8089346,8188649,27595,27915,28226,28597,29344,29902,30542,31813,32919,33814,35755,36778,37718,37713,39170,40572,45106,49746,52585,51769,53068,56184,57850,60109,61902,51.8598,54.151,53.9446,51.6167,50.7095,51.4356,52.0193,50.6415,52.1036,52.2647,51.3352,52.9722,51.2288,52.4122,52.8998,53.4351,53.0943,51.1546,52.6545,51.3786,52.9935,49.0215,50.4543,51.4899,47.705
Chile,CHL,13274623,13495258,13719819,13944937,14166340,14380866,14587370,14786220,14977733,15162800,15342353,15516113,15684409,15849652,16014971,16182721,16354504,16530195,16708258,16886186,17062536,17233576,17400347,17571507,17758959,4511,4953,5623,6119,6569,7352,8012,8637,8996,8977,9554,9973,10333,10841,11813,12747,15754,16942,16502,16160,18162,20343,21508,22439,22787,46.7818,45.7512,48.1094,49.4429,53.0041,56.4878,62.625,69.3735,70.0427,72.13,68.1943,66.5514,67.5924,68.8912,74.6799,75.8001,77.1741,85.1169,89.4577,86.3898,90.8737,97.5371,99.8293,103.6029,97.1524
China,CHN,1135185000,1150780000,1164970000,1178440000,1191835000,1204855000,1217550000,1230075000,1241935000,1252735000,1262645000,1271850000,1280400000,1288400000,1296075000,1303720000,1311020000,1317885000,1324655000,1331260000,1337705000,1344130000,1350695000,1357380000,1364270000,988,1101,1270,1464,1671,1873,2074,2281,2464,2668,2936,3227,3554,3958,4450,5081,5868,6847,7615,8353,9304,10355,11328,12361,13446,3154.4563,3301.8964,3438.3925,3665.4446,3819.92,4205.0046,4221.1339,4252.7182,4359.1953,4293.6582,4480.3934,4721.7008,5051.075,5721.9482,6521.6593,7267.0607,7932.78,8571.7002,8752.4095,9314.1425,10108.2299,11013.0344,11250.3966,11732.5156,11911.7118
Cote d'Ivoire,CIV,11924877,12362407,12812421,13271643,13735433,14199762,14665127,15130663,15589414,16032573,16454668,16853026,17231539,17599610,17970494,18354514,18754916,19171237,19605569,20059147,20532950,21028655,21547188,22087505,22647683,2132,2127,2094,2065,2055,2174,2309,2362,2433,2438,2379,2376,2321,2284,2325,2388,2444,2498,2554,2597,2618,2495,2748,2970,3211,23.3747,23.9943,24.4827,25.0909,26.1029,26.7178,26.0809,26.0654,24.7427,25.3163,23.9464,24.2816,25.6383,24.5056,24.3785,26.3927,26.3375,26.4939,27.731,27.532,28.8449,28.8764,31.2382,33.0563,33.7401
Cameroon,CMR,11780088,12137912,12499499,12864090,13230984,13599988,13970813,14344449,14723768,15112592,15513945,15928910,16357602,16800865,17259322,17733410,18223674,18730282,19252666,19789919,20341241,20906388,21485266,22077298,22681858,1949,1881,1811,1658,1682,1728,1788,1864,1919,1978,2040,2119,2185,2266,2419,2476,2568,2692,2763,2768,2818,2914,3021,3154,3312,75.2891,74.9645,74.9059,79.0696,79.7501,79.5812,78.7451,79.469,80.7341,80.753,82.4335,81.8115,81.3611,82.2653,81.5427,83.0509,82.7123,83.7133,82.8321,83.3899,82.5208,82.6645,82.2881,83.2755,83.1379
"Congo, Rep.",COG,2356737,2422305,2489952,2559873,2632345,2707537,2785810,2867280,2951647,3038433,3127411,3217933,3310387,3406922,3510468,3622775,3745141,3876119,4011486,4145391,4273731,4394844,4510198,4622761,4736974,3454,3558,3632,3581,3362,3470,3581,3518,3585,3441,3677,3791,3915,3906,4028,4337,4592,4484,4663,4886,5215,5354,5519,5668,6018,2.6054,4.847,4.7874,4.7732,4.5623,4.7205,4.4547,5.0769,5.0307,4.7734,4.5534,4.4521,4.4861,4.9567,4.7886,6.988,7.2454,7.2827,7.5829,7.7321,7.3315,7.3066,7.5893,6.9841,6.9983
Colombia,COL,33102575,33758337,34422569,35091275,35758979,36421438,37076387,37723800,38364309,38999471,39629968,40255967,40875360,41483869,42075955,42647723,43200897,43737516,44254975,44750054,45222700,45663099,46076848,46497267,46969209,5016,5186,5412,5728,6075,6406,6540,6763,6763,6465,6695,6848,7023,7324,7811,8321,9036,9793,10188,10274,10733,11650,12226,12891,13618,116.6519,118.4205,121.978,125.916,127.883,130.9327,131.8528,135.9924,137.7688,128.6213,132.0068,132.2259,131.1788,132.7604,133.9722,138.8471,139.7764,143.5525,144.4866,148.6653,151.6834,154.6902,152.1934,159.5837,162.8699
Comoros,COM,411594,423872,436448,449274,462277,475394,488627,501953,515385,528848,542357,555888,569479,583211,597228,611627,626425,641620,657229,673252,689692,706569,723871,741505,759390,1675,1590,1714,1756,1651,1699,1661,1711,1707,1720,1901,1939,1968,1998,2042,2115,2183,2207,2284,2318,2377,2465,2531,2627,2669,0.2324,0.237,0.2403,0.2512,0.2481,0.2569,0.2694,0.274,0.301,0.2999,0.3018,0.3031,0.3146,0.3378,0.3507,0.3273,0.3648,0.2894,0.3124,0.3409,0.3803,0.3679,0.3813,0.4185,0.3978
Cabo Verde,CPV,337950,346230,355757,366053,376407,386284,395533,404259,412514,420452,428188,435709,442951,449930,456617,463032,469170,475060,480842,486671,492654,498856,505235,511748,518269,1088,1113,1229,1329,1574,1788,1980,2190,2442,2703,3101,3184,3348,3498,3900,4240,4656,5438,5841,5741,5822,6102,6207,6286,6363,0.2162,0.2283,0.2632,0.269,0.2531,0.2858,0.2737,0.2896,0.3147,0.3447,0.371,0.3945,0.4347,0.4693,0.4998,0.6195,0.6665,0.7123,0.6912,0.7537,0.7947,0.7666,0.6593,0.6549,0.6488
Costa Rica,CRI,3119433,3202085,3286520,3372298,3458834,3545534,3632362,3718949,3803887,3885430,3962372,4034074,4100925,4164053,4225155,4285502,4345412,4404628,4463125,4520740,4577378,4633086,4688000,4742107,4795396,5026,5176,5632,6017,6261,6493,6534,6853,7247,7481,7787,8090,8350,8732,9221,9737,10610,11626,12241,12059,12645,13303,14042,14446,15067,8.2916,8.5565,9.6653,9.7097,10.1375,9.735,9.5639,9.6174,10.2894,10.0755,9.8896,10.2393,10.2118,10.6394,10.7561,11.498,11.6168,13.0157,13.1399,12.9547,12.858,13.3082,13.3446,13.7769,13.8976
Cuba,CUB,10596987,10673542,10736387,10789306,10838462,10888252,10939293,10989732,11038692,11084670,11126430,11164667,11199651,11229183,11250365,11261582,11261248,11251122,11236971,11226709,11225832,11236670,11257101,11282720,11306902,0,0,0,0,0,0,0,0,0,0,0,0,0,0,0,0,0,0,0,0,0,0,0,0,0,53.0702,44.3786,38.6556,35.1193,36.5711,37.4095,40.0188,42.6925,42.3262,42.8962,43.4051,42.3856,40.9798,40.2177,39.6888,39.9685,40.9096,42.0345,41.4902,45.7585,49.0899,46.7181,47.5771,46.5085,46.8277
Cyprus,CYP,766615,783124,800611,818746,837110,855383,873423,891190,908702,926046,943290,960276,976964,993563,1010408,1027662,1045507,1063713,1081563,1098083,1112612,1124833,1135046,1143866,1152285,13315,13512,14722,14815,15696,17070,17297,17779,18759,19663,21291,22871,23556,24253,25921,27763,29984,32850,34824,33888,33231,33192,31915,30621,30391,5.0532,5.6093,5.9653,6.1466,6.348,6.2406,6.5573,6.6297,7.1381,7.3852,7.7236,7.6213,7.8572,8.6834,8.5788,8.769,8.8035,9.1812,9.3564,9.0863,8.8112,8.4961,7.9403,6.9364,7.0222
Czech Republic,CZE,10333355,10308578,10319123,10329855,10333587,10327253,10315241,10304131,10294373,10283860,10255063,10216605,10196916,10193998,10197101,10211216,10238905,10298828,10384603,10443936,10474410,10496088,10510785,10514272,10525347,12660,11596,11788,12062,12673,13753,14583,14731,14906,15324,16191,17554,18189,19426,20799,21956,23776,26125,27845,27599,27667,28797,29047,30486,32263,181.0566,164.8315,158.3562,153.4895,145.9676,145.4959,147.042,144.3961,137.8697,130.5493,141.6226,141.6084,136.5724,140.8975,141.6378,138.204,138.7436,141.5069,135.9195,128.3928,130.5169,129.9681,125.4874,120.9859,116.7703
Germany,DEU,79433029,80013896,80624598,81156363,81438348,81678051,81914831,82034771,82047195,82100243,82211508,82349925,82488495,82534176,82516260,82469422,82376451,82266372,82110097,81902307,81776930,80274983,80425823,80645605,80982500,19423,20952,21677,21834,22769,23581,24110,24645,25393,26360,27298,28476,29327,29990,31417,31968,34242,36451,38029,37042,39187,42693,43564,45232,47191,1154.1051,1124.8812,1077.8502,1067.8299,1054.4742,1048.3963,1070.5367,1033.6267,1018.268,981.0824,969.0739,984.353,967.2721,967.9244,948.6196,927.9916,938.3755,905.9013,912.3326,854.8262,892.2,864.2562,876.0749,894.057,854.0073
Djibouti,DJI,590398,606844,615054,618495,622366,630388,643654,660863,680463,699975,717584,733015,746942,759641,771603,783254,794563,805451,816358,827823,840198,853674,868136,883293,898696,0,0,0,0,0,0,0,0,0,0,0,0,0,0,0,0,0,0,0,0,0,2744,0,0,0,0.8948,0.8891,0.8934,0.9057,0.9176,0.9578,0.9942,1.0173,1.0224,1.0515,1.0813,1.1061,1.1394,1.1661,1.1594,1.1688,1.1596,1.2144,1.2558,1.2249,1.2836,1.2426,1.297,1.3934,1.5143
Dominica,DMA,70419,70374,70544,70831,71043,71098,70936,70599,70185,69835,69650,69661,69837,70100,70382,70589,70718,70795,70827,70851,70878,70916,70965,71016,71085,4321,4530,4716,4912,5003,5259,5534,5780,6102,6243,6549,6687,6584,7106,7490,7751,8342,9101,9934,9889,10068,10250,10329,10439,11092,0.1732,0.1741,0.1721,0.1759,0.1786,0.189,0.1807,0.1886,0.1849,0.1886,0.2106,0.2183,0.2058,0.2214,0.2183,0.2223,0.218,0.2617,0.2374,0.2373,0.2448,0.235,0.2428,0.2399,0.2429
Denmark,DNK,5140939,5154298,5171370,5188628,5206180,5233373,5263074,5284991,5304219,5321799,5339616,5358783,5375931,5390574,5404523,5419432,5437272,5461438,5493621,5523095,5547683,5570572,5591572,5614932,5643475,18216,19044,19794,20198,21656,22661,23711,24926,25814,26654,28662,29450,30640,30786,32909,34150,37296,38969,41278,40340,43000,44403,44804,46727,47901,66.6723,77.2658,71.2017,73.8354,77.6614,74.4963,87.8829,78.3205,74.2522,70.8439,66.6328,67.7227,67.1045,72.6611,66.6301,62.8567,71.121,66.434,63.2441,60.7336,61.2864,56.1909,51.0317,52.8873,48.7741
Dominican Republic,DOM,7133494,7270409,7408342,7546463,7683707,7819247,7952763,8084407,8214426,8343283,8471321,8598601,8724975,8850317,8974444,9097257,9218686,9338861,9458075,9576737,9695121,9813210,9930911,10048224,10165178,3579,3665,4091,4414,4543,4817,5111,5569,5915,6259,6596,6804,7118,7051,7324,8153,9049,9853,10237,10283,11133,11581,11980,12635,13698,15.2134,16.1398,17.8326,17.8648,19.7602,20.7331,21.7982,23.5754,25.6113,26.0903,27.4524,27.5998,29.6161,27.0347,26.2906,27.9888,29.9516,30.9622,31.3613,31.1971,32.4482,32.6492,33.2175,33.1372,33.1073
Algeria,DZA,25758869,26400479,27028326,27635515,28213774,28757785,29266405,29742979,30192754,30623406,31042235,31451514,31855109,32264157,32692163,33149724,33641002,34166972,34730608,35333881,35977455,36661444,37383887,38140132,38923687,6683,6660,6773,6639,6582,6843,7128,7213,7552,7795,8162,8481,8983,9684,10237,11025,11381,11895,12211,12292,12656,13046,13480,13816,14317,90.7337,90.1712,90.3222,98.361,96.6891,98.7464,99.5933,103.2832,108.1765,113.6734,117.0715,114.7477,121.4828,126.4091,129.7047,134.5421,140.7133,148.6758,153.6934,163.8497,165.5905,171.7491,182.3343,187.5171,202.0871
Ecuador,ECU,10230934,10472475,10716129,10961466,11208001,11455204,11703174,11951452,12198449,12442115,12681123,12914667,13143465,13369678,13596388,13825847,14059384,14296557,14535739,14774424,15011117,15243883,15474102,15707474,15951838,4843,5101,5206,5313,5533,5652,5731,5956,6094,5773,5854,6110,6349,6531,7136,7619,8059,8317,8869,8842,9114,9884,10483,11028,11484,29.1162,30.188,31.7499,31.2494,32.6013,35.6661,38.8073,39.9591,39.764,35.6183,36.5542,39.2984,39.4834,39.2795,42.7854,44.0497,46.0564,46.3978,47.3034,50.0586,53.776,55.0579,56.2169,58.2986,60.6294
"Egypt, Arab Rep.",EGY,56134475,57424549,58666814,59880658,61095804,62334034,63601629,64892270,66200269,67515591,68831561,70152661,71485043,72826097,74172073,75523569,76873663,78232126,79636079,81134798,82761235,84529250,86422240,88404640,90424654,3827,3911,4091,4222,4394,4601,4821,5071,5307,5598,5972,6199,6328,6529,6852,7249,7840,8471,9091,9411,9814,9983,10173,10341,10601,123.3388,127.7573,131.8974,133.2189,127.7224,135.828,142.7845,152.1826,159.4946,168.1489,168.6119,182.2767,187.4435,195.6899,207.4449,227.5663,235.4893,251.1878,262.3536,265.7853,267.5967,274.99,288.3518,272.3785,272.685
Eritrea,ERI,2258653,2266358,2257596,2238626,2218430,2204222,2196464,2195179,2206432,2237405,2292416,2374722,2481058,2600973,2719803,2826659,2918205,2996536,3062779,3119920,3170435,3213972,0,0,0,0,0,1053,1233,1541,1629,1818,1997,2045,2046,1978,2122,2125,2010,2002,2038,2014,2043,1838,1889,1921,2103,0,0,0,,,6.0603,5.794,5.9156,6.0697,6.392,6.7026,6.5797,6.6075,6.6328,6.4999,6.4002,6.5035,6.4905,6.4621,6.3546,6.4824,6.3511,6.3004,6.3149,6.4977,6.6207,6.6813,6.7554
Spain,ESP,38867322,38966376,39157685,39361262,39549108,39724050,39889852,40057389,40223509,40386875,40567864,40850412,41431558,42187645,42921895,43653155,44397319,45226803,45954106,46362946,46576897,46742697,46773055,46620045,46480882,13627,14410,14803,14920,15527,16218,16916,17869,19029,19907,21534,22911,24363,25056,26180,27702,30815,32597,33464,32391,31923,32068,31988,32604,33710,271.7052,278.7947,289.6307,276.4999,287.7991,300.575,293.2927,314.18,326.2477,350.1566,367.6934,369.3148,386.9475,394.0222,409.8726,423.7214,417.2805,431.8756,394.2674,354.8803,340.0375,339.7952,331.778,306.6777,305.8181
Estonia,EST,1569174,1561314,1533091,1494128,1462514,1436634,1415594,1399535,1386156,1390244,1396985,1388115,1379350,1370720,1362550,1354775,1346810,1340680,1337090,1334515,1331475,1327439,1322696,1317997,1314545,0,0,0,0,0,6284,6826,7842,8366,8368,9421,10303,11591,13065,14419,16516,19258,21964,22664,20502,21582,24543,26022,27496,28964,42.9105,38.9451,29.7394,23.7073,22.5782,20.6316,21.4405,21.0155,20.4154,19.3595,18.9324,19.367,18.9978,21.0148,21.1585,21.3849,20.1564,24.0275,22.4434,19.1331,23.0397,22.1454,20.9141,23.3256,22.0363
Ethiopia,ETH,47887865,49609969,51423585,53295566,55180998,57047908,58883530,60697443,62507724,64343013,66224804,68159423,70142091,72170584,74239505,76346311,78489206,80674348,82916235,85233913,87639964,90139927,92726971,95385785,98094253,425,394,355,396,404,423,469,477,453,469,494,532,533,516,585,656,728,811,891,951,1053,1162,1250,1368,1494,65.9973,66.4521,67.2177,61.9145,63.193,63.8906,66.9026,69.1506,74.8299,74.7212,72.3958,76.273,85.5334,83.8519,85.8107,89.3843,93.553,102.6523,106.6497,110.8278,115.2936,114.739,119.3196,123.3709,129.2132
Finland,FIN,4986431,5013740,5041992,5066447,5088333,5107790,5124573,5139835,5153498,5165474,5176209,5188008,5200598,5213014,5228172,5246096,5266268,5288720,5313399,5338871,5363352,5388272,5413971,5438972,5461512,18149,17557,17263,17458,18453,19558,20058,21779,23559,24769,26753,27771,28567,28985,31118,31993,34363,37703,39969,37830,38737,40684,40620,41294,41470,73.6873,73.8074,70.9224,72.0966,78.7351,74.8229,80.9897,78.676,74.9644,73.9017,72.1335,77.4257,79.3083,87.0648,82.3253,69.7273,81.0394,79.1086,70.7962,67.6646,76.1792,68.4663,62.7742,63.5322,59.5276
Fiji,FJI,728573,735401,744469,754963,765609,775425,784386,792736,800157,806303,811006,813925,815257,816076,817860,821604,827870,836190,845361,853637,859818,863449,865069,865608,866453,3823,3810,4084,4211,4457,4605,4859,4783,4854,5317,5312,5517,5775,5935,6403,6619,6893,6948,7079,6966,7203,7520,7758,8263,8882,1.7324,1.6029,1.6833,1.7521,1.7947,1.8594,1.9118,1.8896,1.8416,1.8206,1.8578,2.1119,1.9348,2.033,2.3889,2.1152,2.2254,2.1866,1.9393,1.8103,2.2373,2.1186,2.0989,2.1994,2.2227
France,FRA,58235697,58559311,58851217,59106768,59327192,59541899,59753100,59964851,60186288,60496718,60912500,61357430,61805267,62244886,62704895,63179351,63621381,64016225,64374984,64707040,65027507,65342780,65659809,65998687,66316100,17624,18309,18932,19175,19972,20745,21331,22241,23359,24307,26094,27502,28524,28141,29034,30499,32435,34088,35095,34685,35900,37441,37679,39524,40142,492.7267,518.8808,502.1944,482.8606,479.5558,488.658,504.0465,493.567,511.6289,504.751,498.7294,501.8357,493.8339,498.0763,498.5618,498.1051,488.8187,481.5453,475.9008,456.456,462.6836,432.7552,435.6084,440.8485,413.1144
"Micronesia, Fed. Sts.",FSM,96301,98770,101389,103915,106030,107529,108321,108480,108208,107781,107402,107173,107030,106901,106625,106129,105371,104444,103543,102975,102911,103450,104506,105926,107446,1766,1913,1982,2141,2132,2298,2251,2147,2241,2314,2483,2587,2647,2752,2745,2902,3008,3055,3071,3149,3252,3414,3375,3258,3202,,,0.1083,0.108,0.1114,0.1613,0.1616,0.1655,0.1724,0.1652,0.1799,0.2249,0.1994,0.1997,0.1996,0.1778,0.1781,0.1971,0.1757,0.2201,0.1727,0.1813,0.1964,0.2047,0.1803
Gabon,GAB,949488,975783,1002579,1029778,1057255,1084946,1112955,1141338,1170061,1199052,1228360,1258003,1288315,1319953,1353795,1390549,1430152,1472575,1518540,1568928,1624140,1684635,1749682,1817071,1883800,12691,13547,13068,13539,13969,14589,15007,15740,16067,14484,14182,14454,14301,14537,14656,15107,14708,15550,14864,14515,15190,16011,16537,17116,17548,6.6554,6.9009,7.1885,7.312,7.0675,7.2441,7.0445,6.9078,6.7285,6.3352,5.8765,5.7674,5.568,5.65,5.7575,5.9104,5.3582,5.4161,5.4508,5.5633,6.14,7.0512,7.3869,7.344,7.2586
United Kingdom,GBR,57247586,57424897,57580402,57718614,57865745,58019030,58166950,58316954,58487141,58682466,58892514,59119673,59370479,59647577,59987905,60401206,60846820,61322463,61806995,62276270,62766365,63258918,63700300,64128226,64613160,16698,17023,17429,18249,19312,20435,21760,22959,23515,24210,26255,27512,28882,30126,31788,32492,34554,35408,36427,34769,36013,36820,37911,39505,40867,737.7344,745.6428,721.3853,702.7208,692.3,674.5566,690.0033,660.5242,657.3484,648.5991,648.3754,656.1518,635.5173,643.619,640.3039,634.5543,634.8797,620.9046,605.2281,554.5052,571.7307,533.3438,557.5926,546.2641,506.1109
Georgia,GEO,4802000,4835900,4873500,4911100,4836076,4657722,4491699,4349913,4243607,4157192,4077131,4014373,3978515,3951736,3927340,3902469,3880347,3860158,3848449,3814419,3786695,3756441,3728874,3717668,3719414,5181,4197,2347,1685,1566,1704,2000,2322,2482,2644,2807,3053,3301,3759,4109,4673,5298,6157,6448,6316,6839,7546,8240,8694,9264,48.0278,38.5032,31.4264,25.5361,18.1399,14.4429,13.0313,12.6004,12.4341,12.4071,13.1158,11.6809,10.9371,10.9617,11.0619,11.7051,12.0977,12.7628,11.85,12.6749,12.3058,13.8853,14.7281,15.1286,16.3822
Ghana,GHA,14773277,15207367,15653336,16106765,16561674,17014057,17462496,17908985,18357156,18812359,19278856,19756928,20246381,20750299,21272323,21814642,22379055,22963946,23563825,24170940,24779619,25387710,25996449,26607642,27224472,1233,1304,1346,1404,1441,1491,1547,1599,1652,1707,1766,1831,1897,1983,2098,2234,2387,2493,2703,2784,2964,3369,3665,3910,4006,12.4027,12.5031,13.0577,13.3402,13.7684,14.1717,14.6656,15.1213,18.135,17.6839,18.1403,19.206,19.964,20.7762,18.953,22.1928,23.1669,22.9547,22.6954,23.8792,25.4236,27.519,29.1166,30.8917,30.2599
Guinea,GIN,6352283,6534939,6716038,6897166,7081116,7269625,7463782,7662075,7860781,8054743,8240730,8417081,8586074,8753093,8925743,9109581,9307425,9518162,9738792,9964469,10192176,10420471,10652029,10892810,11150977,871,899,923,967,1000,1040,1078,1124,1148,1180,1208,1253,1312,1328,1368,1424,1453,1558,1617,1575,1632,1721,1818,1880,1941,7.5107,7.8168,8.141,8.4901,9.0147,9.4157,9.6006,9.8293,10.7361,10.4702,11.0554,11.2261,12.5542,12.1169,12.5029,12.9733,13.4348,13.3382,14.8425,14.7574,15.2549,15.3509,16.3306,16.4436,16.0351
"Gambia, The",GMB,955593,992673,1027475,1060862,1094212,1128575,1164091,1200526,1238125,1277133,1317703,1360074,1404261,1449925,1496527,1543741,1591445,1639848,1689285,1740279,1793196,1848147,1905011,1963711,2024042,938,962,983,1004,996,994,1004,1038,1054,1103,1153,1208,1149,1212,1291,1278,1292,1334,1396,1453,1520,1441,1504,1556,1524,3.7253,3.8737,3.9794,4.0936,4.2409,4.3854,4.5185,4.5959,4.7762,4.8859,5.0749,5.2314,5.3617,5.5516,5.8099,5.9338,6.1611,6.2786,6.5483,6.9199,7.1637,7.0464,7.2101,7.4069,7.6859
Guinea-Bissau,GNB,975261,997522,1020350,1043423,1066346,1088854,1110833,1132510,1154371,1177131,1201301,1227106,1254453,1283305,1313492,1344930,1377581,1411543,1446936,1483921,1522599,1562989,1604979,1648257,1692439,1060,1126,1138,1164,1200,1253,1395,1483,1058,1063,1123,1148,1129,1131,1166,1224,1260,1304,1338,1359,1402,1507,1470,1504,1507,1.2297,1.2423,1.2751,1.2979,1.3183,1.3447,1.363,1.3484,1.3148,1.4406,1.4026,1.5027,1.5169,1.5965,1.4673,1.432,1.6731,1.5966,1.6392,1.6866,1.8409,1.8658,2.0272,1.9723,2.0245
Equatorial Guinea,GNQ,419188,432853,447266,462637,479098,496768,515853,536460,558492,581770,606181,631666,658384,686664,716949,749535,784496,821687,860840,901599,943639,986853,1031191,1076413,1122276,660,654,873,959,1104,1277,2086,5100,6132,7504,8704,13946,16237,18070,24526,28242,29942,33841,38791,37821,33295,34622,36576,34181,33543,0.1654,0.2825,0.3373,1.2488,1.2229,1.3584,3.0585,4.5116,5.6095,7.2197,8.5259,10.4919,12.6546,16.2762,18.6908,19.5562,20.1669,20.0663,19.8013,20.4282,20.2893,20.3445,20.728,20.5142,20.5799
Greece,GRC,10196792,10319927,10399061,10460415,10512922,10562153,10608800,10661259,10720509,10761698,10805808,10862132,10902022,10928070,10955141,10987314,11020362,11048473,11077841,11107017,11121341,11104899,11045011,10965211,10892413,13291,13997,14307,14327,14851,15409,16129,17154,18034,18465,19519,20964,22616,23870,25437,25578,28520,29292,30856,30365,28148,26141,25284,26098,26838,96.2069,95.9054,97.7708,98.6833,100.9206,104.7927,105.1597,106.2303,109.6191,109.4327,117.2965,118.3838,117.6971,121.0948,120.2849,121.3044,119.6097,123.1803,117.3116,110.735,103.3464,100.9196,94.5859,87.4638,84.1137
Grenada,GRD,96331,96460,97165,98230,99352,100288,101001,101567,102021,102432,102833,103249,103634,104005,104347,104661,104933,105190,105456,105789,106233,106796,107446,108170,108902,4697,4916,4950,4914,5046,5212,5504,5847,6579,7105,7590,7568,7923,8802,8951,10424,10284,11179,11476,10765,10789,11040,11055,11436,12424,1.5642,1.5786,1.5968,1.6114,1.6445,1.6628,1.6783,1.7049,1.7241,1.7547,1.7624,1.7755,1.7961,1.8167,1.815,1.8353,1.8605,1.8781,1.9033,1.9136,1.9305,1.9325,1.9601,2.0022,1.9491
Guatemala,GTM,9263813,9483270,9708544,9938692,10172297,10408489,10646674,10887634,11133501,11387203,11650743,11924946,12208848,12500478,12796925,13096028,13397021,13700327,14006428,14316263,14630417,14948803,15270778,15595821,15923243,3310,3465,3629,3772,3916,4100,4203,4363,4530,4666,4831,4936,5087,5188,5369,5586,5928,6328,6517,6458,6577,6845,7032,7265,7553,11.4134,11.7391,12.8633,13.4713,13.7044,14.6883,14.6578,15.2852,17.1218,17.5361,18.9798,19.6258,20.3985,20.5084,21.652,22.45,22.6641,23.837,22.7077,23.821,23.9876,24.4858,24.8124,26.6483,30.858
Guyana,GUY,743309,744474,748602,754144,758896,761291,760795,757970,753778,749674,746715,745206,744789,745143,745737,746163,746343,746474,746817,747718,749436,752028,755399,759285,763380,1866,2043,2239,2461,2711,2898,3188,3456,3455,3629,3674,3848,3955,4001,4170,4213,4562,5013,5209,5429,5706,6107,6523,6934,7298,2.4458,2.6488,2.6237,2.7288,3.0441,3.323,3.3812,3.5102,3.4934,3.6113,3.3125,3.3432,3.2463,3.3706,3.4157,3.0874,2.9184,3.2264,3.3666,3.3532,3.5795,3.6521,3.9408,4.0547,4.4776
Honduras,HND,4955303,5098591,5244678,5394412,5548960,5709014,5874809,6045699,6220406,6397151,6574509,6751912,6929265,7106319,7282953,7458985,7634298,7808518,7980955,8150775,8317470,8480671,8640691,8798521,8955589,2082,2022,2133,2260,2249,2370,2389,2470,2515,2463,2628,2687,2759,2865,3050,3256,3493,3724,3871,3727,3833,3984,4150,4263,4398,10.4836,10.6135,10.9362,10.8214,11.46,12.2882,12.3593,12.7172,13.3345,13.2167,13.9117,14.8159,15.1714,16.7846,17.8829,18.381,17.8381,19.7413,19.4229,19.3507,19.3148,20.6585,20.8196,21.111,21.4748
Croatia,HRV,4777368,4689022,4575818,4600463,4652024,4620030,4557097,4534920,4532135,4512597,4468302,4299642,4302174,4303399,4304600,4310145,4311159,4310217,4309705,4305181,4295427,4280622,4267558,4255689,4238389,0,0,0,0,0,7951,8673,9451,9772,9838,10653,11669,12673,13543,14510,15291,17414,19335,20837,20035,19781,20759,21157,21807,22077,29.6373,23.4093,22.0438,22.1196,21.1611,21.4351,21.3089,23.3838,24.4254,24.4456,23.9697,25.1778,26.6315,28.1128,27.9921,28.0231,28.6669,30.0012,29.1491,26.742,25.8023,25.7075,23.9505,23.4257,22.6856
Haiti,HTI,7037917,7178607,7319493,7460689,7602320,7744503,7887304,8030726,8174680,8319057,8463806,8608819,8754150,8900104,9047077,9195288,9344785,9495328,9646580,9798046,9949322,10100320,10250930,10400673,10549008,1372,1416,1345,1278,1128,1242,1293,1327,1347,1379,1398,1390,1385,1393,1357,1402,1453,1518,1536,1571,1479,1569,1621,1695,1750,4.6707,4.8668,5.217,4.8613,4.3472,5.1065,5.3446,5.8074,5.9469,6.0659,6.4904,6.7729,7.0516,7.0249,7.3064,7.4599,7.5162,7.8933,7.9287,7.9264,7.8357,7.9388,7.8959,8.0637,8.6718
Hungary,HUN,10373988,10373400,10369341,10357523,10343355,10328965,10311238,10290486,10266570,10237530,10210971,10187576,10158608,10129552,10107146,10087065,10071370,10055780,10038188,10022650,10000023,9971727,9920362,9893082,9866468,0,8311,8243,8400,8844,9177,9341,9822,10412,10895,11878,13231,14550,15468,16246,17082,18298,19030,20679,20652,21535,22841,23094,24464,25518,88.2158,84.3182,75.6074,75.3241,74.0855,72.971,74.8184,73.4569,73.8563,74.8632,71.7403,73.8355,72.8356,75.3828,74.2476,73.454,72.661,70.4317,69.5458,63.3124,63.1163,61.3492,57.8077,56.9204,56.7553
Indonesia,IDN,181413402,184591903,187739786,190851175,193917462,196934260,199901228,202826446,205724592,208615169,211513823,214427417,217357793,220309469,223285676,226289470,229318262,232374245,235469762,238620563,241834215,245116206,248452413,251806402,255129004,3002,3261,3492,3745,4049,4405,4764,5001,4331,4367,4621,4827,5055,5323,5665,6092,6534,7041,7510,7813,8285,8859,9445,10010,10570,380.2543,396.2977,414.6292,429.544,444.7026,478.7409,494.8388,515.0563,523.5184,543.1654,538.88,559.0935,567.7198,597.3829,606.2415,609.543,632.3294,651.765,655.534,681.2795,695.4181,714.8734,734.9148,744.6847,789.4752
India,IND,873277798,891273209,909307016,927403860,945601831,963922588,982365243,1000900030,1019483581,1038058156,1056575549,1075000085,1093317189,1111523144,1129623456,1147609927,1165486291,1183209472,1200669765,1217726215,1234281170,1250288729,1265782790,1280846129,1295604184,1237,1266,1339,1407,1504,1620,1741,1809,1907,2068,2157,2271,2354,2544,2774,3039,3332,3628,3757,4026,4360,4625,4910,5252,5683,1188.8433,1244.3583,1276.4516,1310.1311,1357.7079,1421.6693,1475.7352,1532.4918,1563.0584,1639.6739,1679.4802,1711.2335,1741.99,1786.5244,1883.2593,1970.257,2068.2189,2208.8707,2309.6455,2488.6843,2592.8056,2699.879,2833.2703,2909.0566,3079.8127
Ireland,IRL,3513974,3534235,3558430,3576261,3590386,3608841,3637510,3674171,3712696,3754786,3805174,3866243,3931947,3996521,4070262,4159914,4273591,4398942,4489544,4535375,4560155,4580084,4599533,4623816,4657740,13738,14394,15111,15806,17006,18938,20479,22626,25059,26995,30178,32546,35212,36238,38669,40438,44205,46760,44284,41622,43295,44855,46257,47897,51068,53.6667,54.4391,54.7246,55.3303,56.7896,57.5501,58.7803,60.2654,63.6082,65.425,66.9182,69.2439,68.5893,68.0673,69.2327,70.6466,71.1437,69.5642,69.2612,64.073,62.7663,58.5973,59.766,59.2123,58.7061
Iraq,IRQ,17419113,17889459,18402734,18955085,19539340,20149338,20783073,21439574,22114324,22802064,23497585,24208180,24931919,25644499,26313838,26922284,27448124,27911248,28385746,28973162,29741976,30725300,31890011,33157050,34411951,7498,2714,3578,4633,4767,4820,5283,6315,8350,9659,9718,9862,9056,5999,9256,9739,10841,11098,12040,12288,12885,13694,15321,16134,15950,155.784,124.0568,134.3421,146.1816,146.0661,130.9525,147.5137,180.7405,161.8875,160.3273,185.521,191.8928,179.2054,165.4502,164.4992,173.3779,173.8859,172.1569,185.9616,213.4824,231.3188,246.5791,270.1728,284.5679,294.8999
Iceland,ISL,254826,257797,261057,263725,266021,267468,268916,271128,274047,277381,281205,284968,287523,289521,292074,296734,303782,311566,317414,318499,318041,319014,320716,323764,327386,21984,22416,21876,22459,23562,23953,24784,26910,28688,29523,29711,31775,32524,32619,35608,37233,39094,41160,43318,41905,39577,40767,41926,44158,45715,3.0753,2.9664,2.913,2.8854,2.9242,2.7536,3.0674,2.9835,3.014,2.9987,3.1221,3.008,3.0753,3.0472,3.111,3.0764,3.1535,3.2251,3.0474,2.9703,2.8488,2.7793,2.704,2.8594,2.9132
Israel,ISR,4660000,4949000,5123000,5261000,5399000,5545000,5692000,5836000,5971000,6125000,6289000,6439000,6570000,6689700,6809000,6930100,7053700,7180100,7308800,7485600,7623600,7765800,7910500,8059500,8215700,15149,15886,16914,17555,18769,19890,20729,21402,22039,22566,24912,24902,25208,23792,25199,24811,25670,27455,27415,27499,28830,30569,31725,34178,34263,42.2885,43.5072,46.4015,50.5993,54.0221,58.162,60.7716,63.4742,64.7422,66.609,71.1009,71.9042,74.9419,76.7877,76.9542,74.901,78.713,81.5236,82.0864,81.8709,87.1855,87.3215,94.583,89.5907,87.4817
Italy,ITA,56719240,56758521,56797087,56831821,56843400,56844303,56860281,56890372,56906744,56916317,56942108,56974100,57059007,57313203,57685327,57969484,58143979,58438310,58826731,59095365,59277417,59379449,59539717,60233948,60789140,18547,19456,20052,20340,21216,22286,22968,23819,24947,25532,27027,27933,28642,29081,29447,30052,32332,33996,35403,34514,35008,36347,36237,36131,36071,491.0188,489.2065,486.9565,479.615,474.8034,497.6824,496.2418,500.2063,512.8427,521.0285,525.6145,521.9916,531.8453,549.703,560.6943,558.1968,552.5355,542.7224,525.4715,473.7434,479.11,470.575,451.3357,421.374,403.1072
Jamaica,JAM,2419906,2439334,2461049,2484581,2509043,2533711,2558637,2583916,2608873,2632675,2654701,2674702,2692845,2709437,2725015,2740003,2754407,2768227,2781876,2795837,2810460,2825929,2842132,2858709,2875136,4738,5094,5265,5842,5990,6198,6243,6217,6082,6178,6318,6495,6684,7015,7257,7509,7919,8207,8258,7920,7854,8112,8170,8307,8474,8.886,8.8969,9.6873,9.8819,9.9207,10.2394,10.5996,10.804,11.3133,11.6005,11.6885,11.773,11.967,12.3678,12.4005,12.4377,13.6309,13.5567,11.6232,9.4616,8.931,9.3726,8.9906,9.501,9.391
Jordan,JOR,3565890,3760496,3977672,4201555,4410359,4588843,4732854,4848541,4943975,5031762,5122493,5217336,5317506,5434030,5580244,5765635,5991540,6255280,6556478,6893260,7261539,7663131,8090872,8520420,8920049,4079,4071,4671,4737,4839,5042,5082,5213,5325,5488,5746,6069,6398,6643,7212,7784,8342,8875,9257,9357,9194,9124,9041,8983,9014,17.3556,17.4911,20.1226,20.6142,21.5161,22.1704,21.723,21.3085,20.5886,19.6759,19.4766,19.6284,21.3459,21.0192,22.9575,24.4771,24.9454,26.3792,26.0151,26.502,26.2536,26.9843,30.5223,30.4223,32.403
Japan,JPN,123537000,123921000,124229000,124536000,124961000,125439000,125757000,126057000,126400000,126631000,126843000,127149000,127445000,127718000,127761000,127773000,127854000,128001000,128063000,128047000,128070000,127833000,127629000,127445000,127276000,19561,20849,21452,21792,22402,23410,24515,25146,25074,25326,26839,27473,28160,28925,30348,31663,33090,34502,34799,33199,34987,35775,37191,38974,39179,1171.0379,1178.6127,1191.2018,1185.3836,1238.916,1252.05,1266.5546,1259.3129,1224.8234,1264.8534,1280.8974,1266.2313,1300.4157,1304.2892,1298.7532,1303.4118,1287.6752,1330.2389,1241.1571,1175.9135,1225.8449,1281.1109,1328.2911,1353.6294,1314.59
Kazakhstan,KAZ,16348000,16450500,16439095,16330419,16095199,15815626,15577894,15333703,15071300,14928426,14883626,14858335,14858948,14909018,15012985,15147029,15308084,15484192,15674000,16092822,16321872,16557201,16792089,17035550,17288285,8469,7744,7505,7023,6361,6067,6304,6625,6687,7033,7919,9201,10262,11386,12726,14268,16102,17801,18519,18393,19685,21277,22408,23824,24924,332.89,336.8705,333.7306,291.6447,263.6205,231.3289,203.9329,176.4538,175.6036,161.0385,156.1106,154.9383,171.9104,182.2595,199.6912,213.3169,233.9984,241.441,287.4499,260.4292,283.4199,300.6789,299.8313,313.7248,291.6327
Kenya,KEN,23724579,24521703,25326078,26136216,26950513,27768296,28589451,29415659,30250488,31098757,31964557,32848564,33751739,34678779,35635271,36624895,37649033,38705932,39791981,40901792,42030676,43178257,44343410,45519889,46699981,1524,1546,1519,1512,1537,1590,1638,1627,1653,1668,1669,1723,1713,1747,1835,1950,2081,2221,2208,2236,2386,2516,2611,2740,2867,36.067,34.8812,34.8594,34.6108,34.8314,35.1548,34.5067,34.1576,35.3188,37.0977,35.9711,35.5406,36.3356,37.4073,39.6274,40.7897,40.4186,55.5977,56.713,56.9688,58.365,60.2467,59.4649,60.1371,60.5299
Kyrgyz Republic,KGZ,4391200,4463600,4515400,4516700,4515100,4560400,4628400,4696400,4769000,4840400,4898400,4945100,4990700,5043300,5104700,5162600,5218400,5268400,5318700,5383300,5447900,5514600,5607200,5719600,5835500,2255,2113,1840,1592,1300,1243,1335,1471,1496,1550,1651,1760,1771,1911,2075,2112,2219,2450,2682,2747,2733,2921,2922,3232,3357,32.1268,29.1377,21.3255,16.9011,12.4853,9.401,10.3432,10.0984,10.4835,9.218,9.099,8.4426,9.3715,10.1779,10.1306,9.9738,10.0834,11.3445,12.5118,12.0553,11.7351,13.1669,15.7694,15.4959,15.1682
Cambodia,KHM,8975597,9289299,9623889,9970733,10317899,10656138,10982917,11298600,11600508,11886458,12155239,12405408,12637727,12856163,13066469,13273354,13477709,13679962,13883834,14093604,14312212,14541423,14780454,15026332,15274503,0,0,0,1150,740,804,841,865,892,995,1102,1185,1260,1369,1526,1754,1972,2198,2356,2341,2471,2658,2860,3073,3301,15.3511,15.2577,15.8881,16.7383,15.8945,17.8019,17.8307,17.9836,18.063,19.141,18.165,18.6399,19.1515,20.3922,21.3032,21.6394,23.0515,24.6398,24.8389,25.4169,26.2524,27.7542,27.3084,27.1265,28.8387
Kiribati,KIR,72400,73692,74766,75716,76670,77723,78903,80187,81556,82972,84396,85849,87305,88835,90499,92325,94343,96527,98761,100930,102927,104728,106370,107890,109391,1261,1281,1303,1329,1363,1373,1400,1425,1510,1482,1583,1567,1625,1659,1645,1745,1758,1801,1757,1746,1716,1749,1838,1922,1918,0.0356,0.0357,0.0396,0.0434,0.0436,0.0437,0.0479,0.0408,0.0447,0.0449,0.0459,0.0427,0.0583,0.0585,0.0626,0.0812,0.0889,0.071,0.0751,0.0607,0.0832,0.0835,0.0841,0.0844,0.0849
"Korea, Rep.",KOR,42869283,43295704,43747962,44194628,44641540,45092991,45524681,45953580,46286503,46616677,47008111,47370164,47644736,47892330,48082519,48184561,48438292,48683638,49054708,49307835,49554112,49936638,50199853,50428893,50746659,8273,9346,10044,10875,12008,13299,14433,15406,14621,16393,18083,19168,20775,21377,22937,24196,25821,27822,28656,28325,30365,31229,32097,32616,33588,290.7325,315.4002,340.5471,369.3051,395.6665,427.9663,456.5211,480.607,416.3353,453.4624,510.454,526.7219,520.572,527.0543,550.0127,547.7178,556.8015,570.3736,582.6205,596.379,645.3432,670.5052,674.744,673.5412,671.1899
Kuwait,KWT,2095344,2031296,0,0,0,1605901,1626857,1710256,1831119,1951636,2045123,2103282,2136997,2161626,2200492,2270198,2373672,2504019,2656009,2821045,2991884,3168060,3348853,3526378,3690942,0,0,0,0,0,59517,60188,59681,58433,54622,55792,55843,57506,67936,75909,83515,88480,91287,89913,79263,73818,78022,80210,78399,76703,78.3789,91.6166,85.8882,99.0883,110.6601,117.8129,117.6199,119.3998,125.9642,130.577,134.6228,142.1901,148.9615,154.7653,161.6088,173.9793,176.7982,176.2524,181.1373,188.1681,187.289,192.33,197.4428,196.154,198.97
Lebanon,LBN,2803044,2921706,3076132,3246126,3403357,3528380,3610665,3658424,3693520,3747766,3842778,3991001,4182205,4388375,4569378,4698763,4759753,4767344,4764741,4813026,4953061,5202343,5538634,5914621,6262410,3623,5371,6075,6528,6874,7207,7981,8097,8407,8361,8449,8632,8654,8672,9091,9367,9689,10861,12103,13287,14111,13842,13611,13309,13049,7.439,8.9473,9.2593,13.2817,14.4855,16.3608,17.0041,18.6665,18.7636,19.3716,17.8981,19.1668,19.0841,19.5785,20.016,19.3743,18.0232,16.7714,20.7866,24.7023,23.8694,24.4866,26.9876,26.9435,28.5954
Liberia,LBR,2075912,2040139,2001624,1976699,1986493,2044661,2160478,2326202,2517481,2699712,2848456,2953927,3024729,3077058,3135651,3218116,3329211,3461911,3607860,3754133,3891356,4017443,4135659,4248334,4359505,0,0,0,0,0,0,0,0,0,0,1049,1064,1095,766,792,838,901,975,1022,1042,1079,1154,1234,1329,1329,1.1864,0.9487,0.9481,0.9467,0.9289,0.9388,0.9794,1.0361,1.0928,1.1252,1.1737,1.2536,1.2611,1.3119,1.4255,1.5551,1.6228,1.6007,1.5576,1.5791,1.9033,2.0375,2.2001,2.1519,2.1503
St. Lucia,LCA,138020,139995,141760,143409,145083,146870,148834,150913,153021,154995,156729,158179,159392,160530,161816,163417,165381,167639,170011,172221,174085,175544,176646,177513,178296,6251,6395,6973,7097,7280,7470,7726,7697,8159,8390,8487,8301,8403,8860,9683,9846,10644,11006,11614,11385,11429,12049,12165,12073,12248,0.7889,0.8078,0.8484,0.878,0.935,1.0067,1.0405,1.0326,0.9904,1.0066,1.0198,1.0569,1.012,1.0495,1.0506,1.066,1.0693,1.0928,1.1082,1.1018,1.125,1.1314,1.1346,1.133,1.1379
Liechtenstein,LIE,28789,29159,29553,29975,30426,30880,31348,31830,32311,32769,33184,33552,33879,34175,34452,34713,34970,35217,35471,35727,35994,36293,36615,36934,37223,0,0,0,0,0,0,0,0,0,0,0,0,0,0,0,0,0,0,0,0,0,0,0,0,0,,,,,,,,,,,,,,,,,,0.091,0.0914,0.0808,0.0841,0.0768,0.0775,0.0807,0.0743
Sri Lanka,LKA,17325773,17535729,17736821,17924823,18094477,18242912,18367288,18470900,18564599,18663284,18777601,18911730,19062482,19224037,19387153,19544988,19695972,19842044,19983984,20123508,20261737,20398670,20425000,20585000,20778000,2345,2505,2645,2864,3060,3269,3432,3694,3891,4095,4411,4407,4617,4940,5304,5764,6345,6907,7407,7674,8329,9156,10171,10618,11250,22.591,22.3599,23.9591,24.1152,25.1986,25.2713,27.4593,27.7344,27.5944,29.203,30.7257,30.658,31.6324,32.8872,33.2132,35.1826,33.7685,34.8498,35.1752,34.4111,35.6489,38.6087,39.9605,37.8414,40.7536
Lesotho,LSO,1703747,1742539,1782285,1822236,1861324,1898598,1934291,1968044,1997516,2019731,2032804,2035740,2029829,2018348,2005940,1996114,1989939,1986922,1987129,1990131,1995581,2003787,2014990,2028519,2043437,843,911,974,1010,1070,1106,1168,1211,1225,1235,1303,1377,1413,1513,1590,1705,1836,1980,2154,2214,2369,2575,2767,2848,2971,3.1546,3.2199,3.4302,3.4609,3.4794,3.4589,3.4246,3.4116,3.3579,3.8559,3.8122,3.9704,3.6534,3.8698,3.7197,3.9923,3.8509,4.0624,3.9356,4.0407,4.1766,4.1161,4.2088,4.3381,4.3582
Lithuania,LTU,3697838,3704134,3700114,3682613,3657144,3629102,3601613,3575137,3549331,3524238,3499536,3470818,3443067,3415213,3377075,3322528,3269909,3231294,3198231,3162916,3097282,3028115,2987773,2957689,2932367,0,0,0,0,0,5924,6379,7070,7763,7822,8458,9452,10494,12068,13032,14526,16485,19095,20744,18146,20091,22854,24658,26661,28174,45.3193,46.842,31.6343,25.742,23.7385,22.0187,22.8353,22.6763,23.5913,21.0972,19.4434,19.8702,19.6711,20.097,21.1769,21.754,21.8664,21.6486,21.362,19.7323,20.7619,19.7005,19.8788,19.3235,19.0352
Luxembourg,LUX,381850,387000,392175,397475,402925,408625,414225,419450,424700,430475,436300,441525,446175,451630,458095,465158,472637,479993,488650,497783,506953,518347,530946,543360,556319,29665,32876,33785,35558,37195,39636,41344,42846,44397,50628,55349,55895,58772,60039,64052,68220,77951,83982,86694,82278,85614,92005,91622,95591,101298,11.8655,12.3967,12.03,12.3938,11.5066,9.4232,9.4932,8.9987,8.3315,8.7158,9.217,9.8475,10.6844,11.0698,12.5296,12.7578,12.631,12.1265,12.0684,11.4742,12.0998,12.0761,11.8102,11.1815,10.8109
Latvia,LVA,2663151,2650581,2614338,2563290,2520742,2485056,2457222,2432851,2410019,2390482,2367550,2337170,2310173,2287955,2263122,2238799,2218357,2200325,2177322,2141669,2097555,2059709,2034319,2012647,1993782,0,0,0,0,5416,5508,5796,6485,7077,7405,8019,9035,10070,11027,12214,13848,15753,18129,19432,16872,17559,19773,21253,22677,23808,26.2346,24.3965,21.3227,18.3691,15.439,13.6294,13.6925,13.1143,12.7725,11.815,11.1112,11.625,11.8179,12.0433,12.1577,12.3197,12.8424,13.2655,12.9626,12.2323,13.3371,12.7199,12.5699,12.6443,12.6859
Morocco,MAR,24807462,25260404,25711406,26155203,26584478,26994250,27383473,27754571,28110443,28455509,28793679,29126330,29454768,29782884,30115214,30455561,30804683,31163673,31536811,31929087,32343389,32781850,33241898,33715693,34192347,2546,2771,2726,2722,3025,2876,3244,3204,3430,3474,3575,3873,4009,4276,4548,4787,5244,5510,5879,6100,6324,6704,6940,7278,7507,38.1101,39.6249,40.9621,40.7212,43.5863,44.3309,45.0467,46.7437,47.617,49.6964,50.7093,54.4673,56.0631,56.0977,60.1112,63.1843,65.2197,66.1333,68.7773,68.928,72.2913,77.3349,79.5861,79.8659,81.6906
Madagascar,MDG,11598633,11942819,12301336,12675460,13066543,13475400,13902688,14347854,14808791,15282521,15766806,16260932,16765117,17279141,17802997,18336724,18880269,19433530,19996473,20569117,21151640,21743967,22346641,22961253,23589887,1073,1009,1014,1028,1018,1025,1034,1057,1076,1107,1149,1207,1039,1127,1182,1238,1301,1379,1464,1376,1357,1368,1397,1415,1450,23.1114,23.19,23.3989,23.7511,23.7355,23.896,24.1836,24.23,24.9804,24.7626,24.1674,22.8679,20.7179,23.2948,21.7706,24.9916,23.9823,25.2343,24.4591,25.9087,26.1848,26.2522,26.8984,26.4831,26.8163
Maldives,MDV,223158,229751,236265,242605,248588,254139,259183,263842,268455,273527,279398,286306,294186,302683,311265,319608,327487,335169,343452,353398,365734,380495,397237,415593,435015,0,0,0,0,0,5696,6135,6645,7100,7505,7800,7472,7924,8924,9449,8243,10452,11296,12304,11178,11721,12486,12496,13039,13623,0.2164,0.1999,0.2786,0.2475,0.2493,0.3024,0.3444,0.3865,0.3589,0.4816,0.5126,0.5253,0.6589,0.5727,0.7356,0.6714,0.8322,0.8577,0.9214,0.9648,1.0186,1.0706,1.1974,1.18,1.423
Mexico,MEX,83943132,85512623,87075138,88625440,90156400,91663285,93147044,94611002,96056321,97484832,98899845,100298153,101684758,103081020,104514932,106005203,107560153,109170502,110815271,112463887,114092963,115695473,117274155,118827161,120355128,6499,6883,7186,8556,9014,8483,9076,9712,10173,10449,11090,11130,11187,11482,12086,12658,13808,14290,14925,14558,15261,16520,17163,17374,18046,426.6553,447.0538,453.3838,468.2535,496.9884,479.7752,502.8258,532.9023,562.566,552.9307,583.6383,592.5952,606.8181,634.4419,651.0921,681.5917,699.7471,713.7667,728.8708,716.4998,725.7373,742.1449,741.115,733.0104,721.6543
Marshall Islands,MHL,47271,48404,49245,49831,50215,50457,50533,50450,50356,50423,50753,51422,52370,53456,54476,55258,55767,56051,56174,56250,56366,56531,56717,56938,57179,1888,1908,2055,2204,2365,2600,2372,2261,2225,2200,2367,2515,2574,2573,2596,2716,2812,2978,2980,2949,3170,3265,3432,3578,3603,,,0.0776,0.0855,0.0898,0.0904,0.0908,0.0912,0.0953,0.0921,0.1035,0.1078,0.1121,0.1127,0.1169,0.1139,0.122,0.1301,0.1308,0.1353,0.1361,0.1369,0.1378,0.1386,0.1395
Mali,MLI,8449913,8635527,8850334,9087176,9334880,9585653,9837571,10094368,10360561,10642936,10946445,11271600,11616887,11982695,12369070,12775516,13203378,13651464,14113577,14581429,15049353,15514591,15979499,16449864,16934220,827,935,903,929,958,961,1021,1061,1125,1174,1166,1336,1357,1462,1478,1572,1640,1685,1741,1778,1837,1878,1843,1863,1974,15.3434,15.2984,15.3349,15.5284,15.7448,16.0464,15.8418,16.0804,17.2075,18.4525,18.9122,20.7594,19.8642,20.3308,24.0247,22.9644,23.85,24.5449,26.6009,25.9543,27.4212,28.4864,28.5285,29.1982,31.5341
Malta,MLT,354170,363845,367618,371308,374797,377419,379905,382791,385287,387578,390087,393028,395969,398582,401268,403834,405308,406724,409379,412477,414508,416268,420028,425967,434558,9338,9986,10582,11206,11980,12916,13675,15130,15869,16962,19426,19621,20562,20938,21401,22232,23224,24893,26193,26140,27809,28597,29444,31083,33370,2.5468,2.4597,2.4345,3.0825,2.7903,2.6639,2.6163,2.7837,2.6943,2.7459,2.4772,2.8559,2.7049,3.0146,3.0198,3.1637,3.0584,3.2372,3.0901,2.9909,3.1107,3.1202,3.2799,2.9785,2.9684
Mozambique,MOZ,12987292,13328032,13806001,14370946,14948048,15483286,15960442,16397183,16813949,17244188,17711927,18221888,18764155,19331100,19910552,20493925,21080110,21673316,22276596,22894710,23531574,24187487,24862648,25560725,26286163,251,265,248,265,276,278,349,383,422,450,456,510,548,577,620,675,743,797,845,881,925,984,1046,1110,1181,18.2437,18.1877,18.4788,18.8415,18.766,19.339,19.4115,18.2018,20.1583,19.4094,18.5347,20.1826,19,22.5513,21.5731,22.8717,21.7553,23.5987,25.2589,24.1519,26.5121,24.8367,25.5299,27.4629,28.4267
Mauritania,MRT,2034346,2087912,2142645,2198532,2255516,2313630,2372901,2433563,2496216,2561585,2630219,2702400,2778099,2857148,2939247,3024194,3111906,3202517,3296238,3393409,3494195,3598648,3706554,3817494,3930896,1818,1864,1892,1999,1929,2108,2215,2108,2136,2275,2255,2288,2276,2389,2522,2754,3278,3362,3366,3261,3356,3484,3647,3822,3993,6.2575,6.4588,6.341,6.5038,6.5538,6.5097,6.9234,7.1639,7.4831,7.9131,8.301,8.5319,8.5064,8.6645,9.1041,9.2072,9.2395,9.5758,9.0903,9.9433,10.4822,10.4589,10.9185,11.2128,11.2027
Mauritius,MUS,1058775,1070266,1084441,1097374,1112846,1122457,1133996,1148284,1160421,1175267,1186873,1196287,1204621,1213370,1221003,1228254,1233996,1239630,1244121,1247429,1250400,1252404,1255882,1258653,1260934,4919,5254,5649,6005,6298,6649,7076,7513,7974,8196,8978,9407,9643,10329,10998,11474,12338,13334,14274,14820,15612,16562,17421,18282,19291,2.1318,2.2292,2.313,2.4677,2.5325,2.5876,2.7419,2.8296,3.0908,3.6043,3.9242,4.0328,4.1212,4.2822,4.3212,4.5286,4.8991,5.0362,5.1464,5.1318,5.4025,5.4305,5.5606,5.6704,5.8427
Malawi,MWI,9404500,9600355,9685973,9710331,9745690,9844415,10022789,10264906,10552338,10854322,11148758,11432000,11713664,12000181,12301838,12625952,12973699,13341806,13727890,14128155,14539612,14962112,15396005,15839269,16289540,485,534,501,562,513,605,650,670,684,695,703,666,671,706,745,773,812,888,947,1005,1055,1098,1108,1153,1207,9.1227,8.7438,8.1976,7.7916,6.8548,6.5175,6.5837,6.564,6.6287,6.5247,6.5368,6.3236,6.5459,6.874,6.8499,6.84,7.1532,7.4968,8.0908,8.0544,8.891,9.077,9.5476,10.0711,10.1969
Malaysia,MYS,18029824,18519937,19002656,19484898,19977500,20487607,21017613,21562793,22114654,22661298,23194257,23709119,24208391,24698819,25190652,25690611,26201961,26720370,27236006,27735040,28208035,28650955,29068159,29468872,29866559,6850,7553,8198,8994,9785,10699,11682,12432,11356,11932,12974,13038,13670,14437,15523,16532,17632,18873,19788,19283,20605,21807,23105,24279,25876,103.214,112.4171,120.1079,123.8851,131.0039,139.2214,152.7594,161.4962,162.8455,172.4514,183.3901,191.2593,202.3824,212.0332,227.3253,239.3104,246.0292,264.4765,279.2293,261.0252,279.3583,280.6518,285.8392,303.1518,316.9021
Namibia,NAM,1432905,1476388,1516958,1555101,1591822,1627865,1663378,1698032,1731639,1763859,1794571,1823672,1851523,1879117,1907745,1938320,1971317,2006514,2043394,2081044,2118874,2156701,2194784,2233510,2273430,3707,4024,4293,4219,4283,4443,4569,4745,4860,5003,5203,5294,5550,5807,6594,6862,7443,7912,8130,8068,8500,8960,9427,9955,10599,7.318,8.6395,8.6,8.6125,8.8336,8.9562,8.9416,8.8175,9.4723,9.394,10.078,9.9183,8.9213,8.9097,9.3336,10.2542,11.2524,10.3659,9.8924,11.7423,11.3144,14.4251,14.9196,11.2817,10.7103
Niger,NER,8026591,8288735,8566770,8860287,9168312,9490288,9826598,10178201,10545716,10929918,11331557,11751365,12189983,12647984,13125916,13624467,14143971,14685399,15250908,15843133,16464025,17114761,17795191,18504255,19240157,579,595,550,552,567,574,584,589,635,618,601,634,639,661,655,680,714,728,783,754,796,799,876,903,951,10.7912,11.2206,11.6926,12.2477,12.7475,13.2926,13.942,14.401,15.1684,15.7823,16.1912,16.9436,17.5324,18.2727,18.9129,19.6695,20.3177,21.3183,22.2291,23.3281,24.426,24.0779,25.7067,26.5887,27.9757
Nigeria,NGA,95212450,97667632,100161710,102700753,105293700,107948335,110668794,113457663,116319759,119260063,122283850,125394046,128596076,131900631,135320422,138865016,142538308,146339977,150269623,154324933,158503197,162805071,167228767,171765769,176404902,2181,2206,2302,2251,2202,2191,2268,2316,2344,2333,2443,2578,2945,3140,3433,3672,3909,4168,4417,4682,4981,5214,5392,5698,6010,200.7855,210.307,222.0021,221.3583,218.8001,220.8763,230.5498,231.915,231.0249,232.7669,237.8466,251.8772,256.4924,263.5777,267.4313,284.6507,278.6974,277.3761,280.8178,262.3005,283.0582,297.0013,301.2454,305.0604,304.0867
Nicaragua,NIC,4173434,4267568,4364512,4462497,4559006,4652185,4741578,4827661,4910647,4991040,5069302,5145366,5219328,5292118,5364935,5438690,5513763,5590055,5667432,5745526,5824065,5903039,5982526,6062454,6142733,1929,1947,1954,1949,2014,2134,2267,2355,2428,2594,2718,2818,2843,2928,3123,3313,3507,3732,3882,3731,3888,4163,4459,4698,4950,9.3718,7.6961,8.5669,9.1749,9.5044,8.9686,9.0562,9.7423,10.1819,11.1849,11.6985,11.91,12.3626,13.0448,12.7963,13.0502,13.4632,13.6097,13.445,13.65,13.8744,14.3397,14.3783,14.0621,14.5156
Netherlands,NLD,14951510,15069798,15184166,15290368,15382838,15459006,15530498,15610650,15707209,15812088,15925513,16046180,16148929,16225302,16281779,16319868,16346101,16381696,16445593,16530388,16615394,16693074,16754962,16804432,16865008,19145,20116,20768,21378,22346,23410,24484,26014,27709,29269,31875,33194,34447,34112,35777,37626,40971,43897,46420,44566,45040,46599,47272,49242,49233,197.2425,204.673,203.3263,208.0993,208.189,215.5208,223.4976,214.1189,212.5587,206.064,204.6763,208.511,206.6518,207.8853,208.5124,203.0024,197.5318,197.1037,197.4515,191.1157,200.3303,188.4977,186.9606,186.5283,180.174
Norway,NOR,4241473,4261732,4286401,4311991,4336613,4359184,4381336,4405157,4431464,4461913,4490967,4513751,4538159,4564855,4591910,4623291,4660677,4709153,4768212,4828726,4889252,4953088,5018573,5079623,5137232,18432,19550,20591,21550,22992,24323,26791,28605,28186,30555,36956,37787,37960,38533,42486,47772,54080,55897,61757,55438,57966,62145,65447,67056,66015,45.3954,42.8588,45.4403,46.2067,47.3244,46.2449,47.2583,48.9514,50.6536,52.5466,47.1452,47.533,46.9322,49.3739,49.5466,48.2403,48.8642,49.0992,47.9148,47.5017,49.3025,48.1402,47.5755,46.5925,46.8855
Nepal,NPL,18905478,19405504,19938320,20489975,21040904,21576071,22090352,22584775,23057883,23509964,23941110,24347106,24725627,25080872,25419344,25744500,26066693,26382581,26666576,26883535,27013212,27041437,26989862,26917906,26906926,771,826,856,885,953,982,1029,1075,1097,1140,1215,1280,1281,1337,1419,1495,1572,1649,1765,1844,1946,2053,2196,2333,2521,20.1544,20.6333,20.6262,21.5616,22.4681,23.6651,24.3667,25.133,25.8539,27.0775,27.6235,27.9874,27.4492,27.9262,28.1166,28.7623,28.6249,28.9069,29.9382,31.6855,32.8554,34.2053,35.7524,36.0275,37.5212
Nauru,NRU,9505,9764,10030,10287,10498,10628,10672,10647,10565,10449,10337,10215,10102,9994,9902,9849,9828,9842,9891,9939,10005,10057,10279,10821,11853,0,0,0,0,0,0,0,0,0,0,0,0,0,0,0,0,0,3816,5204,5670,6470,7339,8057,10452,13273,0.1281,0.1282,0.1247,0.1174,0.1138,0.1102,0.1066,0.1067,0.1031,0.0959,0.0886,0.0851,0.0815,0.0706,0.0707,0.0671,0.0489,0.0491,0.0492,0.0457,0.0494,0.0459,0.046,0.0498,0.0536
New Zealand,NZL,3329800,3495100,3531700,3572200,3620000,3673400,3732000,3781300,3815000,3835100,3857700,3880500,3948500,4027200,4087500,4133900,4184600,4223800,4259800,4302600,4350700,4384000,4408100,4442100,4509700,14864,14566,14918,15961,17092,17908,18464,19137,19343,20579,21522,22500,23306,23967,25080,25677,27758,29386,29861,30700,31253,32735,32986,36219,37261,64.5817,63.9965,65.1432,64.4651,66.0431,67.1538,67.3789,69.8338,68.5862,70.3478,71.0234,73.6541,74.5671,77.1925,76.2451,77.602,77.7839,76.5351,76.5593,73.8342,73.6747,73.1159,75.2315,75.0735,75.7434
Oman,OMN,1812161,1893768,1983275,2072104,2148419,2204277,2236654,2249762,2251864,2254904,2267973,2294962,2334858,2386166,2445517,2511251,2580758,2657158,2750963,2876186,3041434,3251108,3498029,3764805,4027260,22740,23862,25265,26251,26861,28065,29023,31123,32275,32656,34986,36917,36454,35363,35892,36939,39021,40650,43310,44291,44409,41942,43437,42863,41951,39.8603,45.4492,45.637,46.2064,47.3418,50.5048,51.9177,54.5287,55.7966,60.1515,63.4262,65.4475,66.3699,66.634,65.681,64.8814,73.9277,78.0249,77.4993,80.6961,84.6052,91.4675,98.5811,101.7895,106.3043
Pakistan,PAK,107647921,110778648,113911126,117086685,120362762,123776839,127349290,131057431,134843233,138624621,142343578,145978402,149549700,153093373,156664697,160304008,164022627,167808105,171648986,175525609,179424641,183340592,187281475,191262919,195306825,1983,2093,2242,2272,2342,2441,2533,2529,2549,2607,2706,2750,2815,2937,3164,3433,3670,3862,3915,3967,3989,4095,4229,4398,4594,154.1644,155.0553,164.2753,173.9286,178.6145,189.0722,196.6111,203.1946,207.0369,219.2813,221.0742,224.4705,230.6092,238.7029,255.8537,264.0873,282.9551,299.4668,302.4953,312.4073,307.1756,314.094,317.1444,326.774,333.3829
Panama,PAN,2470947,2523118,2575954,2629580,2684116,2739668,2796291,2853913,2912316,2971196,3030328,3089648,3149188,3209048,3269356,3330217,3391666,3453675,3516204,3579215,3642687,3706483,3770624,3835437,3901315,5097,5647,6121,6473,6662,6780,7041,7471,7947,8211,8455,8523,8683,9045,9803,10637,11691,13203,14523,14555,15311,17100,18807,20112,21167,7.2486,7.7154,8.3601,8.6123,8.8729,9.221,9.356,9.4462,10.6288,9.9165,10.2146,11.5353,10.7646,10.9407,11.1012,12.7568,13.1825,12.9156,13.1395,14.6105,15.4629,16.4064,16.9859,17.2717,17.7577
Peru,PER,22071433,22522378,22966818,23408131,23851408,24299160,24753824,25210954,25658062,26078293,26459944,26799285,27100968,27372226,27624213,27866145,28102056,28333052,28562317,28792655,29027674,29264318,29506788,29773987,30090359,3409,3531,3522,3723,4191,4512,4636,4930,4880,4943,5115,5193,5501,5779,6172,6705,7366,8141,8984,9079,9869,10626,11400,12169,12561,42.3869,41.3511,42.3833,43.7364,45.5903,49.755,53.1528,54.2953,54.2624,58.273,58.7799,56.9714,58.746,58.7959,63.3674,64.5022,64.5527,68.4821,73.3878,77.6129,81.2229,84.5137,85.271,86.2102,89.66
Philippines,PHL,61895160,63454786,65020116,66593904,68180859,69784088,71401749,73030884,74672014,76325927,77991755,79672873,81365258,83051971,84710542,86326250,87888675,89405482,90901965,92414158,93966780,95570047,97212638,98871552,100513138,2605,2611,2615,2669,2780,2902,3057,3199,3145,3218,3361,3460,3567,3736,4014,4255,4532,4877,5094,5106,5468,5690,6082,6515,6931,90.0956,90.0489,92.7991,97.9407,105.2999,117.3156,125.9482,134.5987,128.825,133.2598,134.8606,134.0637,136.0349,139.1716,142.7959,144.3051,137.1512,142.9819,146.3679,148.7301,154.9661,156.802,161.6164,171.6044,181.6361
Palau,PLW,15058,15441,15856,16290,16717,17164,17593,18014,18410,18776,19105,19386,19637,19809,19867,19781,19540,19158,18704,18285,17955,17745,17640,17606,17626,0,0,0,0,0,0,0,0,0,0,9828,10555,11004,10752,11543,12491,12741,13468,13310,12905,13351,14534,15437,15407,16430,,,0.246,0.2464,0.2467,0.247,0.2474,0.2514,0.2518,0.2558,0.2635,0.2674,0.264,0.2679,0.2681,0.2757,0.2796,0.2761,0.269,0.2619,0.2695,0.3087,0.3478,0.3906,0.4334
Papua New Guinea,PNG,4615839,4725547,4836217,4949051,5065661,5187060,5314248,5446641,5581762,5716161,5847586,5974629,6098621,6223377,6354245,6494903,6646895,6808514,6976201,7144776,7310507,7472200,7631002,7788379,7946731,1439,1592,1811,2142,2264,2183,2337,2229,2117,2136,2081,2079,2066,2107,2177,2335,2405,2678,2657,2792,3040,3070,3206,3319,3761,9.0116,9.745,10.5857,11.368,12.3943,13.1122,13.06,13.4561,13.4036,12.8331,12.8831,13.3317,13.5599,13.895,14.3717,13.9894,14.0518,15.8887,14.6531,15.1264,14.8625,15.4873,15.368,16.5435,16.7897
Poland,POL,38110782,38246193,38363667,38461408,38542652,38594998,38624370,38649660,38663481,38660271,38258629,38248076,38230364,38204570,38182222,38165445,38141267,38120560,38125759,38151603,38042794,38063255,38063164,38040196,38011735,6176,5916,6184,6550,7029,7665,8255,8922,9471,10022,10653,11102,11781,12257,13341,13896,15142,16788,18310,19246,21048,22851,23833,24719,25612,426.2837,425.5318,415.3018,415.4872,411.0634,411.2877,425.9824,415.7699,387.8617,377.2765,362.2652,359.0425,352.059,363.7851,367.5978,368.1703,380.6614,380.0437,373.7409,360.7619,376.4705,373.7688,366.5341,361.1905,352.9075
"Korea, Dem. Peoples Rep.",PRK,20293054,20609150,20937404,21265834,21577982,21862299,22113438,22335267,22536753,22731482,22929075,23132980,23339453,23542426,23732731,23904167,24054864,24188331,24310142,24428341,24548836,24673385,24800612,24929452,25057752,0,0,0,0,0,0,0,0,0,0,0,0,0,0,0,0,0,0,0,0,0,0,0,0,0,155.8404,148.959,135.4449,126.4631,115.4331,107.5039,97.4176,90.36,83.3367,89.2384,94.4136,97.9173,94.1445,96.2216,98.3027,102.115,103.8442,90.8422,98.4049,98.2272,94.0842,75.2838,76.8621,63.8065,68.7168
Portugal,PRT,9983218,9960235,9952494,9964675,9991525,10026176,10063945,10108977,10160196,10217828,10289898,10362722,10419631,10458821,10483861,10503330,10522288,10542964,10558177,10568247,10573100,10557560,10514844,10457295,10401062,11763,12721,13163,13183,13558,14386,14903,15791,16692,17723,18887,19541,20368,20841,21476,22740,24655,25706,26632,26469,27308,26780,26454,27900,28747,56.4012,58.2994,62.5532,61.5684,63.5591,67.0475,65.4751,67.8688,72.642,79.209,78.6949,78.5553,82.9109,77.6674,79.0179,81.9406,76.6915,77.0037,72.1123,71.5161,65.424,65.2906,63.3763,62.0311,61.5852
Paraguay,PRY,4223415,4334345,4445016,4555521,4666094,4776843,4887632,4998100,5107839,5216349,5323201,5428444,5531962,5632983,5730549,5824096,5913209,5998427,6081296,6163972,6248020,6333976,6421512,6510276,6599526,5148,5367,5443,5706,5992,6383,6453,6691,6626,6492,6353,6314,6292,6566,6897,7147,7601,8111,8675,8602,9541,10017,10015,10898,11487,22.1308,21.0986,22.0486,23.896,25.4291,27.2081,27.1257,27.7252,28.1655,28.6183,26.9332,27.7698,27.257,29.2804,28.034,28.4858,29.0284,30.9006,30.5813,32.2189,34.5527,35.4607,36.966,37.7322,39.9172
Qatar,QAT,476278,487353,495395,501479,507041,513442,522531,535321,551562,570489,592468,615012,640868,681788,753334,865416,1022711,1218434,1436665,1654950,1856327,2035871,2196074,2336574,2459198,0,0,0,0,0,0,0,0,0,0,86169,88138,92091,91452,101329,97769,107541,109363,111256,108954,117519,124025,122675,122496,123308,14.1619,16.3345,16.4976,17.4096,18.2671,19.1337,20.1564,21.8412,23.379,25.6731,24.6135,26.5155,30.8134,32.315,35.8175,45.0704,48.9346,54.9977,59.5822,64.6711,69.5441,72.085,81.0719,82.8463,88.1129
Romania,ROU,23201835,23001155,22794284,22763280,22730211,22684270,22619004,22553978,22507344,22472040,22442971,22131970,21730496,21574326,21451748,21319685,21193760,20882982,20537875,20367487,20246871,20147528,20058035,19983693,19908979,5272,4788,4508,4692,4988,5421,5738,5564,5544,5596,5849,6521,7162,7552,8982,9602,11545,13687,16782,16635,16966,17908,18932,19797,20623,237.671,201.102,181.7411,169.414,164.9529,167.8534,170.0662,158.7388,143.1133,127.2462,129.2019,133.7962,132.1548,138.3477,135.8128,134.7795,137.6756,135.4848,135.0395,119.4244,115.908,121.0541,118.6238,109.4851,108.7927
Rwanda,RWA,7288882,7083935,6702244,6263757,5936261,5836495,6013107,6419901,6962802,7501234,7933681,8231156,8427060,8557161,8680524,8840215,9043337,9273757,9524534,9782770,10039338,10293331,10549678,10811543,11083635,563,584,669,673,361,507,565,612,622,610,639,683,767,787,856,947,1042,1124,1240,1293,1368,1468,1589,1652,1767,3.7394,3.8132,3.8444,3.8628,3.8433,3.7247,3.8538,3.9487,4.066,4.259,4.3127,4.4335,4.5423,4.7953,4.9674,5.073,5.2966,5.6044,5.8124,6.0023,6.2668,6.2833,6.4565,6.6343,6.7283
Saudi Arabia,SAU,16233785,16772694,17282691,17763298,18214470,18638787,19033845,19407142,19783304,20194527,20663843,21202642,21805313,22456649,23132682,23816183,24498310,25184597,25888541,26630303,27421461,28267685,29155187,30052518,30916994,27709,31887,32914,32335,32387,32382,33142,33430,34123,32635,34441,33886,32527,35787,38516,40726,41928,42654,44945,43120,44499,48474,50492,51189,52551,187.5226,209.1319,223.3013,231.171,244.6804,249.0872,262.214,244.5434,261.3747,266.6427,278.0135,283.5875,302.3265,315.7314,333.5702,350.7025,370.4069,389.7713,420.9901,443.2617,482.7876,503.1672,536.6972,546.437,583.3701
Sudan,SDN,20147590,20891441,21696244,22527834,23338464,24094747,24782383,25413917,26015521,26626520,27275015,27971082,28704778,29460519,30214193,30949516,31661823,32360621,33060837,33783788,34545013,35349681,36193783,37072550,37977655,1144,1239,1316,1372,1379,1453,1526,1671,1715,1745,1846,1953,2054,2192,2274,2451,2703,3011,3220,3262,3327,3643,4152,4306,4398,77.0875,78.4565,83.8057,87.0469,92.7899,94.0393,96.0253,101.4124,107.4581,111.9204,119.4923,116.5956,128.3437,130.095,133.8822,141.3529,137.936,147.3463,147.8735,151.2507,146.9335,147.6323,112.1326,113.0076,114.1945
Senegal,SEN,7526307,7755496,7990096,8226760,8461068,8690164,8912861,9130877,9347774,9568722,9797734,10036104,10283699,10541467,10810083,11090116,11382268,11687080,12004701,12335084,12678148,13033809,13401991,13782420,14174731,1508,1551,1559,1570,1559,1633,1654,1694,1772,1867,1924,2007,2003,2123,2251,2390,2458,2580,2664,2667,2719,2739,2854,2904,3067,13.2437,13.5327,13.9778,14.2128,14.5498,14.8142,15.2269,15.5157,15.8577,17.028,18.2269,19.7263,18.6515,17.7701,20.2019,21.106,21.45,21.3245,22.4844,22.5981,24.3722,25.0079,23.9951,25.4859,25.3179
Singapore,SGP,3047132,3135083,3230698,3313471,3419048,3524506,3670704,3796038,3927213,3958723,4027887,4138012,4175950,4114826,4166664,4265762,4401365,4588599,4839396,4987573,5076732,5183688,5312437,5399162,5469724,22655,24287,25706,28598,31448,33390,35086,37384,35740,38026,41663,41000,42886,46342,51613,55810,60745,65230,64231,62873,71566,76034,78979,82881,86612,30.9867,32.7231,33.7767,39.2315,41.2915,41.1322,42.4983,42.5137,41.2934,42.1073,46.5105,46.324,45.5855,42.6328,44.1908,42.5954,43.2257,44.558,44.6667,45.8175,49.9498,52.7694,52.3304,52.9509,52.3803
Solomon Islands,SLB,311866,320780,329995,339504,349281,359281,369523,379999,390693,401586,412660,423944,435432,447017,458539,469918,481078,492132,503360,515181,527861,541521,556064,571335,587079,1222,1302,1459,1509,1636,1757,1768,1724,1725,1695,1445,1323,1272,1344,1411,1497,1611,1736,1853,1738,1833,2065,2143,2186,2216,0.3456,0.3511,0.3541,0.3603,0.3615,0.3708,0.3776,0.3845,0.3906,0.4058,0.4137,0.426,0.4332,0.4442,0.4533,0.4614,0.4731,0.4959,0.5114,0.5261,0.5363,0.5436,0.5514,0.5631,0.5706
Sierra Leone,SLE,4319762,4348660,4347724,4328957,4309775,4303957,4312666,4335301,4381483,4462378,4584571,4754072,4965766,5201070,5433991,5645624,5829237,5989633,6133603,6272734,6415634,6563240,6712581,6863980,7017144,810,852,705,735,740,696,719,685,698,681,723,667,821,872,914,948,986,1065,1117,1136,1183,1255,1441,1731,1804,3.8471,3.887,3.8098,3.8928,3.9363,3.739,3.738,3.6837,3.5652,3.365,3.3376,3.6288,3.9543,4.1487,4.3873,4.5489,5.2257,4.7015,5.0251,5.1255,5.387,5.8645,6.4402,6.7302,6.7313
El Salvador,SLV,5270079,5342198,5416323,5490477,5561919,5628600,5689938,5746284,5797765,5844846,5887936,5927006,5962136,5994077,6023797,6052123,6079399,6105810,6131764,6157686,6183875,6210568,6237923,6266070,6295128,2928,3031,3272,3497,3691,3900,3960,4114,4233,4352,4466,4574,4692,4828,4977,5246,5615,5847,6062,5956,6152,6493,6773,7015,7236,6.7008,7.5214,7.9018,8.4724,9.1191,9.4163,9.3175,10.1737,10.2885,10.4392,10.3242,11.0476,11.2541,11.6291,11.7252,12.1676,12.5966,13.2192,12.6064,12.3782,12.0738,12.0315,12.2525,11.4966,11.8212
Somalia,SOM,7225092,7274030,7295384,7315865,7372598,7491637,7682686,7936127,8235064,8553601,8872254,9186725,9501342,9815412,10130243,10446863,10763905,11080121,11397188,11717692,12043883,12376302,12715510,13063706,13423576,0,0,0,0,0,0,0,0,0,0,0,0,0,0,0,0,0,0,0,0,0,0,0,0,0,22.266,19.5588,17.7077,19.4451,21.1488,21.6641,22.1223,22.5286,22.4853,22.5153,22.7262,23.0624,23.4123,23.8114,24.1026,24.5166,23.3587,22.3109,22.3646,22.384,22.5806,22.7123,22.9918,23.132,23.2613
Serbia,SRB,7586000,7595636,7646424,7699307,7734639,7625357,7617794,7596501,7567745,7540401,7516346,7503433,7496522,7480591,7463157,7440769,7411569,7381579,7350222,7320807,7291436,7234099,7199077,7164132,7130576,0,0,0,0,0,4880,5095,5571,5792,5181,5726,6138,6801,7198,8064,9182,10199,11225,12632,12537,12797,13747,13934,14629,14660,80.605,70.1727,63.8406,57.9614,54.2563,60.7418,68.1789,72.9823,72.6501,55.5136,57.7311,60.2061,63.6222,66.7182,72.301,64.7909,66.6952,65.3476,62.7893,60.0287,59.0458,63.2701,58.3934,59.0328,51.4156
Suriname,SUR,405168,413005,420655,428030,435105,441851,448213,454161,459831,465385,470949,476579,482235,487942,493679,499464,505295,511181,517123,523111,529131,535179,541245,547291,553273,6760,7041,7099,6663,6922,6960,7056,7488,7651,7561,7799,8207,8470,9063,9981,10631,11454,12219,12824,13160,13841,14788,15304,15852,16018,2.9181,3.2551,3.3505,3.2726,3.2668,3.3242,3.3722,3.3483,3.341,3.3651,2.6784,2.7375,2.2345,2.4273,2.5647,2.8078,2.7065,2.5876,2.7238,2.7893,3.1025,3.2173,3.3989,3.3872,3.4205
Slovak Republic,SVK,5299187,5303294,5305016,5325305,5346331,5361999,5373361,5383291,5390516,5396020,5388720,5378867,5376912,5373374,5372280,5372807,5373054,5374622,5379233,5386406,5391428,5398384,5407579,5413393,5418649,0,0,7135,7429,8026,8648,9361,10068,10613,10701,11357,12371,13294,14140,15188,16616,18865,21165,23692,23059,24962,25835,26647,27898,28928,66.707,58.6557,54.7916,52.8864,49.7682,50.2997,50.2556,50.3585,49.5786,48.4685,45.7934,46.5022,46.1589,46.7268,45.725,46.885,45.9539,44.9898,44.6867,41.0324,42.6948,41.2808,39.5648,40.3202,38.1129
Slovenia,SVN,1998161,1999429,1996498,1991746,1989443,1989872,1988628,1985956,1981629,1983045,1988925,1992060,1994530,1995733,1997012,2000474,2006868,2018122,2021316,2039669,2048583,2052843,2057159,2059953,2061980,12315,11591,11224,11844,12757,13556,14272,15271,16041,17067,18050,18955,20305,21134,22777,23945,25763,27606,29624,27476,27739,28805,28901,29797,30845,18.1439,17.1427,16.2491,16.9771,16.975,17.7589,18.5606,19.0746,18.8462,18.2057,17.9167,18.7885,18.9639,18.9882,19.1045,19.2917,19.6977,19.6395,20.799,18.8437,19.027,18.9383,18.5516,18.0226,16.709
Sweden,SWE,8558835,8617375,8668067,8718561,8780745,8826939,8840998,8846062,8850974,8857874,8872109,8895960,8924958,8958229,8993531,9029572,9080505,9148092,9219637,9298515,9378126,9449213,9519374,9600379,9696110,20121,20423,20526,20459,21596,22815,23634,24497,25545,27181,29321,29679,30636,31513,33567,34006,37464,40628,41904,39695,41633,43809,44774,45722,46572,67.6422,68.2428,70.9668,70.9505,72.8346,72.3159,77.8628,71.5481,72.2091,70.9579,66.8418,65.818,67.2957,68.3095,66.6549,63.2746,60.6248,58.835,56.7655,53.3543,58.7267,55.3471,52.2073,50.8744,50.8732
Eswatini,SWZ,822420,845266,866993,887706,907620,926841,945508,963426,979918,994108,1005435,1013609,1019059,1022802,1026286,1030579,1036092,1042652,1049945,1057467,1064837,1072032,1079288,1086839,1095021,3655,3742,3851,3970,4061,4256,4412,4541,4633,4769,4906,5025,5300,5587,5925,6449,7005,7465,7620,7742,8074,8371,8874,9543,9837,1.9863,1.9366,1.9166,1.6209,1.9819,1.9909,1.9143,2.7893,2.8109,2.8212,2.7955,2.6575,2.6363,2.6285,2.63,2.6387,2.5806,2.6987,2.7383,2.6896,2.7657,2.7755,2.9576,2.8598,2.9655
Seychelles,SYC,69507,70439,70763,72253,74205,75304,76417,77319,78846,80410,81131,81202,83723,82781,82475,82858,84600,85033,86956,87298,89770,87441,88303,89949,91359,9225,9671,10551,11234,11083,11058,11642,13105,14088,14276,14684,14652,14611,14166,14185,15870,17520,19765,19280,19137,19948,22557,23052,24413,25594,0.209,0.2319,0.2319,0.2437,0.2631,0.2603,0.2967,0.4043,0.4959,0.5734,0.6364,0.6987,0.6008,0.6128,0.7994,0.7523,0.7967,0.7062,0.7573,0.5886,0.5082,0.4067,0.5056,0.4695,0.5621
Chad,TCD,5963252,6157079,6356748,6563922,6781053,7010145,7250975,7503493,7770048,8053536,8355654,8678051,9019233,9373916,9734767,10096633,10457124,10818024,11183588,11560147,11952136,12360989,12784750,13220424,13663559,720,782,837,699,762,761,766,796,831,808,789,867,919,1034,1366,1593,1595,1635,1662,1688,1876,1853,1988,2068,2179,15.4943,15.6521,15.8725,16.0469,16.2325,16.5814,17.024,17.4856,17.5043,18.5123,20.2416,20.4338,23.4049,25.7049,26.6178,28.9219,28.0701,28.708,28.4248,26.7879,27.131,28.4486,28.4373,28.5323,27.4662
Togo,TGO,3774312,3862992,3945905,4029053,4120616,4226291,4348805,4485951,4632446,4780448,4924402,5062567,5197031,5330639,5467766,5611640,5762880,5920359,6083420,6250835,6421679,6595943,6773807,6954721,7137997,843,845,813,692,794,853,918,1036,991,998,983,961,943,982,1004,1021,1066,1090,1125,1164,1217,1286,1360,1431,1504,3.5364,3.3764,3.0956,2.9764,3.2817,3.2109,3.7785,3.8262,4.4444,4.5524,4.6724,4.5718,4.6775,5.0502,4.7363,5.5202,4.914,4.9529,5.6044,6.7238,6.5638,6.6015,6.5139,6.8608,6.9944
Thailand,THA,56558186,57232465,57811021,58337773,58875269,59467274,60130186,60846582,61585103,62298571,62952642,63539196,64069087,64549866,64995299,65416189,65812536,66182067,66530984,66866839,67195028,67518382,67835957,68144501,68438730,4318,4788,5240,5755,6290,6874,7314,7150,6599,6920,7313,7659,8190,8876,9622,10270,11040,11886,12261,12208,13213,13537,14727,15319,15694,152.0323,163.8889,176.1261,192.8852,208.0081,225.7775,246.6002,252.4783,230.2263,240.9572,242.2554,253.2458,264.5703,277.7027,296.1646,305.2494,308.6343,319.1668,323.6454,320.8951,338.9267,336.3769,356.2295,366.3679,358.4186
Tajikistan,TJK,5283814,5400630,5502494,5593315,5679167,5764810,5851355,5938405,6027388,6119661,6216341,6318513,6426867,6541547,6662389,6789321,6922587,7062672,7209930,7364753,7527394,7697510,7874835,8059769,8252833,2376,2233,1591,1340,1061,934,781,796,835,865,943,1039,1150,1277,1421,1533,1658,1799,1938,1987,2095,2246,2405,2568,2727,17.3192,16.288,13.1327,10.2167,8.0169,7.356,6.8092,6.9859,6.948,6.5352,6.0839,6.0784,6.0732,6.2558,7.0141,7.129,7.6826,8.3857,8.6938,8.3202,8.3826,8.6868,9.3865,10.2444,11.9556
Turkmenistan,TKM,3683967,3789185,3899843,4010789,4115102,4207841,4287346,4355116,4413479,4466135,4516133,4564083,4610005,4655743,4703401,4754646,4810109,4870141,4935767,5007954,5087213,5174085,5267900,5366375,5466328,5397,5175,4373,4418,3637,3370,3594,3189,3408,3980,4244,4478,4515,4702,5019,5787,6540,7366,8499,8955,9739,11212,12470,13726,15145,72.4903,64.7634,51.9366,50.577,56.2489,56.3644,53.6941,54.6525,55.9869,62.7821,65.5358,68.5351,71.9554,78.9882,83.0989,86.2266,88.5808,95.451,97.3167,91.0942,98.9085,105.6302,109.7318,112.285,114.9934
Tonga,TON,95069,95246,95399,95557,95739,95976,96273,96619,97032,97482,97973,98487,99022,99589,100218,100905,101706,102581,103379,103890,103986,103562,102737,101768,101028,2321,2549,2610,2767,2960,3127,3174,3213,3324,3486,3666,3861,4034,4172,4242,4413,4475,4366,4553,4670,4889,5151,5340,5314,5567,0.2278,0.2467,0.2243,0.239,0.2452,0.2455,0.229,0.2521,0.2425,0.2677,0.2565,0.2512,0.268,0.3087,0.2841,0.2882,0.3035,0.2893,0.2993,0.3399,0.3197,0.2902,0.3103,0.3164,0.3332
Tunisia,TUN,8242496,8427857,8613861,8795932,8967916,9125398,9267340,9395123,9509857,9613588,9708350,9793903,9871251,9945277,10022277,10106771,10201214,10304726,10414433,10525694,10635244,10741880,10847002,10952951,11063201,3639,3823,4125,4226,4368,4485,4819,5098,5337,5680,6021,6331,6465,6844,7409,7840,8422,9136,9606,9868,10227,10139,10643,11033,11460,19.3967,20.3627,21.1858,22.7361,22.5751,22.9325,24.0996,24.4946,25.5616,26.7091,27.9971,28.766,28.7322,29.037,30.1305,30.6967,31.7792,32.3562,32.7868,33.4059,35.7828,34.1016,35.4877,35.6478,38.1666
Turkey,TUR,53921760,54840590,55748948,56653804,57564204,58486456,59423282,60372568,61329676,62287397,63240194,64192243,65145367,66089402,67010930,67903469,68756810,69581848,70418604,71321399,72326988,73443863,74653016,75928564,77231907,6141,6303,6721,7314,6951,7487,8018,8626,9096,8757,9584,9215,9330,9604,10860,11888,13621,14849,16054,15490,17426,19652,20617,22269,23967,199.8824,204.4727,215.7234,227.1294,225.7385,244.6267,263.4771,273.6093,277.437,276.9811,303.2802,278.3483,288.4454,299.4328,304.9306,316.1324,342.7011,369.5271,368.0703,363.3341,375.0105,395.9018,420.3549,408.4574,431.4751
Tuvalu,TUV,8913,9026,9112,9194,9252,9298,9323,9323,9332,9346,9394,9484,9596,9726,9869,10000,10120,10221,10314,10424,10530,10633,10739,10857,10972,1543,1632,1699,1795,2009,1939,1852,2072,2418,2411,2428,2498,2706,2629,2625,2570,2672,2889,3152,3003,2926,3180,3086,3248,3319,0.017,0.0177,0.0179,0.0178,0.0179,0.018,0.0181,0.0183,0.0184,0.0185,0.0186,0.0187,0.0226,0.0226,0.0227,0.0228,0.0192,0.023,0.023,0.0231,0.0195,0.0196,0.0234,0.0235,0.018
Uganda,UGA,17354392,17953531,18561674,19175988,19793541,20413152,21032821,21655398,22290780,22952410,23650172,24388968,25167257,25980552,26821297,27684585,28571475,29486338,30431736,31411096,32428167,33476919,34559168,35695246,36912148,502,529,541,581,612,676,728,756,779,830,849,885,947,995,1057,1123,1242,1340,1439,1500,1553,1680,1722,1757,1820,14.2371,14.7734,15.1065,15.5377,15.3486,15.9557,16.089,16.8064,17.8754,17.3016,17.5639,18.1837,18.5694,20.5845,20.1867,22.9262,20.6,23.8495,29.5416,29.1482,31.2868,31.2207,32.5153,33.3286,34.1129
Ukraine,UKR,51892000,52000470,52150266,52179210,51921041,51512299,51057189,50594105,50143939,49673350,49175848,48683865,48202500,47812950,47451600,47105150,46787750,46509350,46258200,46053300,45870700,45706100,45593300,45489600,45271947,6790,6416,5909,5185,4102,3706,3427,3412,3416,3491,3818,4303,4647,5226,6062,6486,7228,8033,8424,7267,7664,8282,8482,8648,8711,896.8317,847.9462,744.9444,655.2487,560.0326,529.7066,469.2154,446.3514,420.0461,413.5979,402.6963,404.5186,409.3451,439.5704,413.7032,400.2808,408.7583,416.1027,404.6315,354.8086,372.5205,387.875,381.5245,375.9455,347.5459
Uruguay,URY,3109601,3131660,3154464,3177745,3201151,3224281,3247381,3270164,3291053,3308012,3319736,3325473,3326040,3323668,3321476,3321803,3325401,3331749,3340221,3349676,3359275,3368934,3378974,3389439,3400434,6387,6788,7439,7761,8441,8433,9002,9870,10366,10259,10250,10055,9422,9681,10446,11574,12400,13540,14756,15456,16808,17993,18931,20094,21069,26.0596,27.548,28.9861,29.4194,29.2819,29.4949,30.8125,30.5642,30.215,31.2033,29.3336,29.0994,29.3195,30.132,31.8204,31.9405,33.9728,32.9628,35.4596,35.3419,32.7712,34.3505,34.6884,34.0057,33.2163
Uzbekistan,UZB,20510000,20952000,21449000,21942000,22377000,22785000,23225000,23667000,24051000,24311650,24650400,24964450,25271850,25567650,25864350,26167000,26488250,26868000,27302800,27767400,28562400,29339400,29774500,30243200,30757700,2005,2019,1791,1751,1663,1652,1679,1763,1829,1915,2005,2107,2199,2307,2517,2743,3000,3325,3637,3893,4154,4470,4856,5255,5643,191.8647,197.9668,188.4699,192.201,189.7971,180.6496,182.1042,187.457,204.6181,207.7552,208.6924,211.196,213.6653,211.8598,210.9883,208.1455,217.0448,219.7121,221.562,215.0599,216.0626,228.1309,233.6175,225.7986,231.0922
"Venezuela, RB",VEN,19632665,20096317,20557683,21016901,21474549,21931084,22385650,22837743,23288564,23739841,24192446,24646472,25100408,25551624,25996594,26432447,26850194,27247610,27635832,28031009,28439940,28888369,29362449,29783571,30045134,9487,10514,11149,11195,10927,11356,11306,11992,11927,11161,11609,12041,10947,10103,12063,13496,15039,16550,17513,16840,16542,17319,18343,18649,18102,171.1796,172.7787,176.6315,182.9575,185.4084,193.7978,208.4795,215.0665,213.1243,202.3902,213.0652,217.4547,217.987,215.6306,220.1074,237.0501,226.6539,229.9562,263.2714,262.6864,263.4519,248.3921,273.6175,268.7571,271.1354
Vanuatu,VUT,146573,150716,155170,159744,164129,168158,171722,174921,177987,181265,184972,189219,193920,198959,204127,209282,214370,219472,224704,230247,236211,242653,249499,256635,263888,1655,1716,1749,1752,1900,1912,1951,2044,2119,2118,2247,2167,2038,2110,2196,2326,2538,2677,2837,2882,2889,2906,2931,2957,2998,0.4473,0.4605,0.4785,0.5031,0.5091,0.5157,0.5377,0.5413,0.5414,0.5455,0.5271,0.5134,0.5149,0.5298,0.5152,0.5235,0.5222,0.6433,0.6463,0.646,0.6592,0.6856,0.675,0.6735,0.7291
Samoa,WSM,162803,163997,165490,167119,168694,170054,171165,172068,172839,173609,174454,175392,176407,177484,178590,179727,180876,182046,183263,184556,185949,187469,189088,190717,192221,2369,2375,2403,2536,2500,2701,2929,2983,3069,3167,3445,3745,3947,4176,4459,4759,4968,5389,5512,5250,5297,5673,5756,5694,5837,0.3325,0.3367,0.3367,0.3405,0.347,0.3477,0.356,0.3606,0.3671,0.3783,0.4021,0.4218,0.4005,0.4111,0.4107,0.4228,0.4278,0.4365,0.4453,0.4539,0.4548,0.4707,0.4683,0.4696,0.4709
"Yemen, Rep.",YEM,11709993,12302124,12954155,13634076,14297613,14913315,15469274,15975668,16450310,16921149,17409072,17918373,18443691,18985000,19540098,20107409,20687646,21282515,21892146,22516460,23154855,23807588,24473178,25147109,25823485,2223,2325,2444,2472,2570,2658,2730,2830,2946,3015,3181,3279,3363,3453,3582,3790,3915,4039,4149,4221,4473,3876,3935,4085,4046,11.9895,13.632,14.4009,13.4986,13.8671,15.3971,15.7961,16.9014,18.0484,19.6519,20.5639,22.1001,22.2551,25.1134,26.3251,27.3677,27.6233,29.2998,30.9142,34.732,33.2571,29.4039,28.7025,35.6522,34.0082
South Africa,ZAF,36800509,37718950,38672607,39633750,40564059,41435758,42241011,42987461,43682260,44338543,44967708,45571274,46150913,46719196,47291610,47880601,48489459,49119759,49779471,50477011,51216964,52004172,52834005,53689236,54545991,6425,6414,6262,6332,6521,6720,7001,7180,7181,7349,7719,7994,8315,8614,9136,9796,10524,11240,11668,11416,11728,12179,12488,12816,13090,307.2053,302.9487,299.7879,308.1646,314.0302,326.9245,338.4412,354.4037,363.2446,345.5729,352.4945,389.31,401.8235,422.6017,450.8811,450.607,452.3843,471.9805,505.4988,482.0729,489.8552,478.8517,493.0983,510.2231,524.895
Zambia,ZMB,8036845,8246656,8451347,8656486,8869740,9096607,9339733,9597609,9866476,10140561,10415944,10692193,10971698,11256743,11550642,11856247,12173514,12502958,12848530,13215139,13605984,14023193,14465121,14926504,15399753,1518,1529,1499,1600,1458,1493,1573,1616,1584,1636,1692,1774,1835,1949,2087,2248,2434,2637,2820,3017,3270,3419,3635,3766,3894,41.5585,41.4408,41.1258,40.2397,39.1144,38.3807,37.0443,37.3849,38.5659,36.4704,35.3614,37.8933,36.9474,39.5005,41.2642,43.0962,41.2843,42.0176,43.2786,43.1116,45.7985,45.7977,48.5919,50.4074,51.201
Zimbabwe,ZWE,10432421,10680995,10900502,11092766,11261744,11410714,11541217,11653242,11747072,11822719,11881477,11923914,11954290,11982224,12019912,12076699,12155491,12255922,12379549,12526968,12697723,12894316,13115131,13350356,13586681,1830,1950,1778,1807,1986,2004,2227,2304,2378,2377,2344,2422,2235,1886,1818,1759,1739,1706,1418,1581,1889,2168,2535,2584,2649,33.051,33.465,34.1675,30.8451,30.0476,29.6123,30.9024,29.7537,30.6996,32.8545,30.1376,30.7063,27.2482,24.7989,24.98,25.0169,24.5678,24.7769,23.2327,23.2524,25.4643,27.6055,27.3979,27.3977,27.7244
