Country Name, Country Code,p1990,p1991,p1992,p1993,p1994,p1995,p1996,p1997,p1998,p1999,p2000,p2001,p2002,p2003,p2004,p2005,p2006,p2007,p2008,p2009,p2010,p2011,p2012,p2013,p2014,g1990,g1991,g1992,g1993,g1994,g1995,g1996,g1997,g1998,g1999,g2000,g2001,g2002,g2003,g2004,g2005,g2006,g2007,g2008,g2009,g2010,g2011,g2012,g2013,g2014,ghg1990,ghg1991ghg1992,ghg1993,ghg1994,ghg1995,ghg1996,ghg1997,ghg1998,ghg1999,ghg2000,ghg2001,ghg2002,ghg2003,ghg2004,ghg2005,ghg2006,ghg2007,ghg2008,ghg2009,ghg2010,ghg2011,ghg2012,ghg2013,ghg2014
Afghanistan,AFG,1.24,1.33,1.45,1.58,1.71,1.81,1.89,1.94,1.97,2.02,2.08,2.16,2.26,2.37,2.47,2.57,2.64,2.71,2.77,2.84,2.92,3.01,3.12,3.23,3.34,0.0,0.0,0.0,0.0,0.0,0.0,0.0,0.0,0.0,0.0,0.0,0.0,8.395,8.882,8.857999999999999,9.793,10.315999999999999,11.761,12.181,14.547,16.374000000000002,16.268,18.067999999999998,18.748,18.975,15.2128,15.2864,14.0105,14.0281,13.9854,14.3349,15.3232,16.2845,17.1244,18.0006,16.496,15.2094,17.6991,18.4304,18.1513,18.9847,19.6229,20.3989,23.63,26.9429,30.6296,34.713,34.5016,33.1709,33.3661
Angola,AGO,1.18,1.22,1.27,1.31,1.35,1.39,1.44,1.49,1.54,1.59,1.64,1.69,1.75,1.81,1.88,1.94,2.01,2.09,2.17,2.25,2.34,2.42,2.51,2.6,2.69,30.897,31.204,29.081999999999997,21.908,21.955,24.962,27.949,29.533,30.273000000000003,30.377,30.973000000000003,31.913,35.641,36.146,39.787,45.552,50.489,56.973,62.214,60.928000000000004,62.303000000000004,63.464,67.725,69.804,71.992,52.2201,53.8142,55.0744,56.7951,57.8733,63.2029,63.7696,64.5327,67.6438,67.6789,68.9825,73.8661,78.2501,89.9323,95.7309,99.0156,105.9221,119.1198,127.0014,137.1651,147.6876,151.1196,150.5324,155.8722,157.8168
Albania,ALB,0.33,0.33,0.32,0.32,0.32,0.32,0.32,0.31,0.31,0.31,0.31,0.31,0.31,0.3,0.3,0.3,0.3,0.3,0.29,0.29,0.29,0.29,0.29,0.29,0.29,25.495,19.090999999999998,18.233,20.574,22.899,26.658,29.801,27.174,30.21,34.717,38.613,43.013999999999996,46.614,49.945,54.228,58.653,65.598,72.763,82.28399999999999,88.148,96.28,102.07799999999999,105.262,105.71,112.59200000000001,11.692,9.119,6.8705,6.597,7.1382,6.6947,6.4076,5.6799,5.9166,7.0848,7.3741,7.3494,7.9868,8.4026,8.4785,8.2514,8.1501,8.1888,7.9577,8.0308,8.3122,8.7857,8.3722,8.557,9.0365
Andorra,AND,0.01,0.01,0.01,0.01,0.01,0.01,0.01,0.01,0.01,0.01,0.01,0.01,0.01,0.01,0.01,0.01,0.01,0.01,0.01,0.01,0.01,0.01,0.01,0.01,0.01,0.0,0.0,0.0,0.0,0.0,0.0,0.0,0.0,0.0,0.0,0.0,0.0,0.0,0.0,0.0,0.0,0.0,0.0,0.0,0.0,0.0,0.0,0.0,0.0,0.0,0.4294,0.4307,0.4321,0.4371,0.4348,0.4545,0.485,0.4971,0.5238,0.5469,0.5591,0.5604,0.5691,0.5742,0.6012,0.6172,0.5898,0.5843,0.5861,0.5659,0.5678,0.5434,0.5411,0.5315,0.5181
United Arab Emirates,ARE,0.18,0.19,0.21,0.22,0.23,0.24,0.25,0.27,0.28,0.3,0.31,0.33,0.35,0.37,0.41,0.46,0.53,0.62,0.71,0.79,0.85,0.89,0.91,0.92,0.92,729.065,717.5369999999999,715.678,700.824,724.717,749.944,768.488,803.9010000000001,774.211,766.543,822.153,808.436,798.635,829.4630000000001,851.472,816.355,799.707,728.0219999999999,666.415,569.755,542.302,565.743,589.612,626.418,665.169,74.6428,81.3419,80.0797,83.1663,90.0009,95.035,98.8222,105.0768,108.3051,111.0274,110.0929,122.6269,125.7554,132.3778,139.7685,147.171,153.8065,165.1836,191.2976,191.5703,196.2646,204.2663,214.368,218.7826,221.5072
Argentina,ARG,3.26,3.31,3.35,3.4,3.44,3.48,3.52,3.57,3.61,3.65,3.69,3.73,3.77,3.81,3.85,3.89,3.93,3.97,4.01,4.05,4.08,4.13,4.17,4.22,4.27,73.801,82.10600000000001,89.426,97.772,104.359,102.251,108.574,118.02799999999999,122.557,118.787,119.166,115.146,103.101,113.07799999999999,125.27799999999999,139.165,153.349,169.947,178.50099999999998,167.53400000000002,185.24900000000002,198.175,197.642,203.65599999999998,200.083,233.0957,237.5316,241.8817,242.0501,252.1711,253.8123,262.9425,266.9057,268.589,275.3448,277.5082,271.2806,263.9795,284.2345,299.1197,302.6715,316.2335,326.8328,335.5216,319.7705,320.1575,328.1953,333.9591,334.2374,348.6472
Armenia,ARM,0.35,0.35,0.34,0.34,0.33,0.32,0.32,0.31,0.31,0.31,0.31,0.31,0.3,0.3,0.3,0.3,0.3,0.29,0.29,0.29,0.29,0.29,0.29,0.29,0.29,24.285999999999998,22.378,13.562000000000001,12.962,14.290999999999999,15.919,17.427,18.522000000000002,20.256,21.361,23.274,26.219,30.311,35.396,40.385,47.726000000000006,56.092,66.092,72.646,63.266999999999996,65.657,70.19800000000001,76.491,80.031,84.051,23.9429,24.5752,14.2386,8.132,5.6361,6.2392,5.1794,5.7977,5.7513,5.253,5.595,5.7346,5.3548,5.7674,6.1323,6.8682,7.0136,7.8072,8.3775,7.2457,7.0715,7.7079,8.6009,8.5935,8.6263
Australia,AUS,1.71,1.73,1.75,1.77,1.79,1.81,1.83,1.85,1.87,1.89,1.92,1.94,1.97,1.99,2.01,2.04,2.07,2.08,2.12,2.17,2.2,2.23,2.27,2.31,2.35,173.296,177.908,181.891,191.315,200.643,208.94400000000002,219.72099999999998,229.34799999999998,241.967,252.644,263.28700000000003,273.367,287.182,296.939,313.274,325.751,343.06699999999995,365.60400000000004,374.593,403.00300000000004,393.244,419.654,428.26800000000003,459.02,468.80199999999996,478.2095,477.0836,477.0781,478.3845,485.4769,493.1283,495.6323,501.9787,529.9795,565.999,588.0207,594.7678,593.9823,537.0973,583.9559,558.6473,593.3024,593.2156,573.521,587.8017,561.6214,646.9771,648.6069,580.0997,589.7345
Austria,AUT,0.77,0.78,0.78,0.79,0.79,0.79,0.8,0.8,0.8,0.8,0.8,0.8,0.81,0.81,0.82,0.82,0.83,0.83,0.83,0.83,0.84,0.84,0.84,0.85,0.85,194.423,205.85,212.59599999999998,216.983,226.06799999999998,236.604,245.292,254.24099999999999,266.746,276.065,293.801,297.152,311.78700000000003,321.086,337.43,350.13699999999994,376.231,393.925,413.162,409.265,420.06,444.527,464.57300000000004,479.22,487.99699999999996,74.9927,78.9379,73.7873,73.7721,73.6969,76.3133,79.8759,78.7915,79.2308,77.3638,77.3954,81.501,82.9353,88.7603,88.5856,89.0648,86.4195,84.0461,84.3307,77.9121,82.8152,81.1072,78.1579,78.4743,75.1477
Azerbaijan,AZE,0.72,0.73,0.74,0.75,0.76,0.77,0.78,0.78,0.79,0.8,0.8,0.81,0.82,0.82,0.83,0.84,0.85,0.86,0.88,0.89,0.91,0.92,0.93,0.94,0.95,57.038999999999994,57.653,44.95399999999999,34.855,28.203000000000003,25.105,25.636999999999997,27.326999999999998,30.111,32.519,36.634,40.827,45.05,50.18899999999999,55.818999999999996,72.902,99.89200000000001,127.243,140.477,151.629,158.84,157.542,161.934,172.162,178.08900000000003,74.8595,83.5539,59.4784,67.4413,60.6565,58.2767,53.2786,53.0013,53.4701,53.4343,55.1549,54.8951,55.2026,52.327,53.0363,56.4608,56.7838,52.7332,57.5843,55.788,57.4039,63.5647,67.4535,69.7221,72.5978
Burundi,BDI,0.54,0.56,0.57,0.58,0.59,0.6,0.61,0.61,0.62,0.63,0.64,0.65,0.67,0.69,0.71,0.74,0.76,0.79,0.81,0.84,0.87,0.9,0.92,0.95,0.98,6.667000000000001,7.0729999999999995,7.152,6.732,6.499,6.02,5.572,5.521,5.789,5.737,5.712999999999999,5.825,6.015,5.872000000000001,6.125,6.171,6.487,6.669,6.897,6.982,7.187,7.392,7.624,7.888999999999999,8.12,2.2159,2.3007,2.3398,2.3666,2.3097,2.3893,2.3503,2.3557,2.2444,2.2379,2.2397,2.156,2.0378,1.9553,1.994,1.9533,2.0776,2.1401,2.2713,2.3736,2.5638,2.7468,2.9072,3.0429,3.3016
Belgium,BEL,1.0,1.0,1.0,1.01,1.01,1.01,1.02,1.02,1.02,1.02,1.03,1.03,1.03,1.04,1.04,1.05,1.05,1.06,1.07,1.08,1.09,1.1,1.11,1.12,1.12,187.59,196.75599999999997,203.493,205.50599999999997,216.00099999999998,225.317,228.91099999999997,239.275,245.64,256.423,279.885,289.585,304.828,310.564,322.38,333.32300000000004,353.86199999999997,368.726,381.335,380.088,400.52,412.842,424.35900000000004,436.111,446.045,129.4493,134.4432,133.0524,130.8931,136.216,136.0763,141.058,137.7708,139.6673,136.4637,136.3495,136.5888,129.8198,133.7008,132.1099,128.2769,125.2302,121.3933,124.1466,116.342,125.18,113.9778,112.0333,113.4088,107.5032
Benin,BEN,0.5,0.51,0.53,0.55,0.57,0.59,0.61,0.63,0.65,0.67,0.69,0.71,0.73,0.75,0.78,0.8,0.82,0.85,0.87,0.89,0.92,0.95,0.97,1.0,1.03,9.492,9.888,10.056000000000001,10.52,10.593,11.097000000000001,11.424000000000001,11.921,12.167,12.624,13.261,13.849,14.28,14.595999999999998,15.189,15.467,16.090999999999998,17.02,17.692999999999998,17.737000000000002,17.816,18.209,18.915,20.063,21.145,5.0074,4.9879,5.0614,5.1487,5.3578,5.221,5.9461,6.2646,6.5097,6.4701,6.9613,7.0806,8.1615,7.9807,7.9902,9.2864,9.8075,10.5927,10.3598,10.8381,11.1117,11.3931,11.5466,12.1686,12.7148
Burkina Faso,BFA,0.88,0.91,0.93,0.96,0.98,1.01,1.04,1.07,1.1,1.13,1.16,1.19,1.23,1.27,1.3,1.34,1.38,1.43,1.47,1.51,1.56,1.61,1.66,1.71,1.76,5.479,6.015,6.002999999999999,6.188,6.23,6.542999999999999,7.195,7.567,7.985,8.458,8.557,9.061,9.332,9.955,10.372,11.283,11.988,12.62,13.392000000000001,13.48,13.943,14.727,15.505999999999998,16.202,16.72,11.0379,11.4474,11.8309,12.1728,12.6086,13.055,13.4884,14.2619,14.6295,15.1964,14.6944,14.5524,15.1997,18.1673,18.4155,19.0406,18.9301,19.5479,20.2584,20.8081,21.5909,21.9422,22.2495,23.5054,23.5008
Bangladesh,BGD,10.32,10.56,10.8,11.04,11.27,11.52,11.76,12.02,12.27,12.52,12.77,13.01,13.25,13.48,13.7,13.9,14.09,14.27,14.43,14.59,14.76,14.93,15.1,15.28,15.45,8.602,8.991,9.482999999999999,9.947000000000001,10.331,10.853,11.309000000000001,11.769,12.26,12.757,13.467,14.190999999999999,14.698,15.412,16.389,17.739,19.234,20.886999999999997,22.316999999999997,23.359,24.669,26.506999999999998,28.447,30.334,32.409,84.934,85.1494,86.987,88.228,90.6004,95.6969,96.5136,98.8883,99.0591,103.2217,106.0589,111.2392,114.4974,115.7754,117.4141,121.6696,126.723,129.5514,139.8082,144.2122,152.4967,158.1435,162.1276,164.5165,167.7068
Bulgaria,BGR,0.87,0.86,0.85,0.85,0.84,0.84,0.84,0.83,0.83,0.82,0.82,0.8,0.78,0.78,0.77,0.77,0.76,0.75,0.75,0.74,0.74,0.73,0.73,0.73,0.72,74.932,71.63,68.668,69.809,72.843,76.839,67.793,56.968,61.412,57.672,63.778,69.09,77.264,83.431,91.228,102.113,113.13600000000001,128.00799999999998,143.29,141.461,149.341,156.761,162.082,165.71,175.343,99.3425,79.2568,74.1911,72.8513,69.6499,69.3575,69.6223,67.0836,64.3429,58.2163,57.2534,59.9948,57.7467,62.0951,61.2824,61.6913,62.6915,66.5173,64.4357,57.6064,59.2337,64.6284,59.3692,54.8586,57.8046
Bahrain,BHR,0.05,0.05,0.05,0.05,0.05,0.06,0.06,0.06,0.06,0.06,0.07,0.07,0.07,0.08,0.08,0.09,0.1,0.1,0.11,0.12,0.12,0.13,0.13,0.13,0.13,227.859,254.91099999999997,271.07599999999996,305.546,303.716,314.202,324.488,330.99,340.02099999999996,346.853,357.63,356.89300000000003,356.42800000000005,363.384,374.61699999999996,384.91900000000004,391.71,403.0,405.668,394.231,397.405,401.68300000000005,417.54699999999997,442.75,463.334,13.5272,13.2061,15.2231,16.0953,16.4842,16.7173,17.4271,17.7377,18.921,18.9232,19.4104,19.9951,21.0231,21.7231,21.8091,24.6925,26.618,27.1198,28.9698,29.026,30.4308,30.5806,31.2078,33.4831,35.0448
"Bahamas, The",BHS,0.03,0.03,0.03,0.03,0.03,0.03,0.03,0.03,0.03,0.03,0.03,0.03,0.03,0.03,0.03,0.03,0.03,0.03,0.03,0.03,0.04,0.04,0.04,0.04,0.04,201.203,195.655,188.826,190.29,197.002,206.68900000000002,216.43200000000002,222.062,232.53099999999998,249.763,262.382,271.025,278.124,274.82099999999997,279.564,292.587,303.265,309.964,302.999,287.605,290.991,295.03700000000003,306.561,307.628,310.058,2.1263,1.96,1.9709,1.8813,1.8719,1.8732,1.8715,1.5683,1.8977,1.8888,1.8827,1.7869,1.7968,1.7427,1.9716,1.9836,1.9123,1.9457,1.7671,1.9077,1.9252,2.1556,2.2552,3.1042,2.7145
Belarus,BLR,1.02,1.02,1.02,1.02,1.02,1.02,1.02,1.01,1.01,1.0,1.0,0.99,0.99,0.98,0.97,0.97,0.96,0.96,0.95,0.95,0.95,0.95,0.95,0.95,0.95,54.293,55.428999999999995,51.138999999999996,48.263000000000005,43.578,39.993,42.006,47.803999999999995,52.652,55.461000000000006,60.273,64.83800000000001,69.628,76.449,88.095,100.059,114.09299999999999,127.818,144.092,145.806,159.279,171.667,178.074,182.988,189.49900000000002,136.5524,131.5433,117.0869,104.3462,91.5598,83.4931,84.0954,84.6086,82.7694,80.499,77.896,76.8312,76.6572,77.8948,81.5603,83.0652,86.3074,85.1507,88.9667,87.2584,91.5163,89.2079,90.4112,90.4979,89.5802
Belize,BLZ,0.02,0.02,0.02,0.02,0.02,0.02,0.02,0.02,0.02,0.02,0.02,0.03,0.03,0.03,0.03,0.03,0.03,0.03,0.03,0.03,0.03,0.03,0.03,0.03,0.04,33.198,37.539,42.318000000000005,45.271,45.379,45.438,45.458999999999996,46.172,46.615,49.558,55.333999999999996,57.58,59.771,64.819,67.875,69.94800000000001,73.419,74.263,76.165,75.33800000000001,76.88600000000001,78.30199999999999,80.262,80.528,83.23899999999999,5.4621,5.6398,5.7951,5.935,6.0669,6.1775,6.2724,6.5206,6.6769,6.8294,7.0324,7.2635,7.4893,7.7339,7.7397,7.9614,8.1817,8.4337,8.5933,8.9853,9.1103,9.3827,9.4379,9.6811,9.8017
Bolivia,BOL,0.69,0.7,0.72,0.73,0.75,0.76,0.78,0.79,0.81,0.83,0.84,0.86,0.87,0.89,0.91,0.92,0.94,0.96,0.97,0.99,1.0,1.02,1.04,1.05,1.07,24.026999999999997,25.601,26.06,27.239,28.518,29.855999999999998,31.089000000000002,32.53,33.871,33.836999999999996,34.782,35.461,36.231,37.211,39.091,41.346000000000004,43.86600000000001,46.297,49.25899999999999,50.453,52.281000000000006,55.247,58.251000000000005,62.313,65.932,20.8505,21.418,23.0638,24.5963,26.4354,26.3757,26.2347,26.7071,27.8921,28.0406,28.1764,26.9653,28.7941,30.4813,33.0611,34.5329,35.1963,36.6144,37.7286,38.9853,43.4382,43.2062,46.5951,47.1044,48.4667
Brazil,BRA,14.9,15.16,15.43,15.68,15.94,16.2,16.46,16.72,16.98,17.23,17.48,17.72,17.95,18.18,18.4,18.61,18.82,19.01,19.2,19.39,19.57,19.75,19.93,20.1,20.28,67.11,69.2,69.25399999999999,72.977,77.23899999999999,81.027,83.00200000000001,85.946,85.884,86.244,90.74,92.742,95.82,97.479,104.60600000000001,110.05,116.594,125.682,133.321,132.884,143.204,150.62,155.066,161.114,163.584,556.3648,574.5559,584.9415,594.5369,610.9471,636.3779,645.4109,672.6958,692.9023,705.3756,721.7813,744.2633,765.5213,777.6987,814.8983,827.5413,826.2242,854.5021,869.0668,856.2575,931.758,954.8245,994.5386,1017.8745,1051.0013
Barbados,BRB,0.03,0.03,0.03,0.03,0.03,0.03,0.03,0.03,0.03,0.03,0.03,0.03,0.03,0.03,0.03,0.03,0.03,0.03,0.03,0.03,0.03,0.03,0.03,0.03,0.03,91.647,90.70200000000001,85.96700000000001,88.74600000000001,93.71,97.221,102.506,108.75299999999999,113.604,115.14299999999999,122.477,121.74600000000001,124.241,128.857,133.722,142.83,154.847,161.102,163.70600000000002,157.748,159.42700000000002,163.332,166.513,169.095,172.005,2.8621,3.0207,2.8196,2.9771,2.6423,2.7507,2.7864,2.841,3.092,3.1698,3.1557,3.1891,3.1911,3.2398,3.2817,3.3342,3.3597,3.3611,3.6325,3.6348,3.5402,3.5703,3.5599,3.5448,3.3554
Bhutan,BTN,0.05,0.05,0.05,0.05,0.05,0.05,0.05,0.06,0.06,0.06,0.06,0.06,0.06,0.06,0.06,0.06,0.07,0.07,0.07,0.07,0.07,0.07,0.07,0.07,0.07,15.273,15.613,16.707,17.505,18.789,20.435,21.69,22.818,23.891,25.559,27.320999999999998,29.579,32.602,35.079,37.492,40.78,44.3,53.042,56.083999999999996,59.678000000000004,66.749,72.693,76.926,78.979,84.053,0.7296,0.7776,0.7762,0.7456,0.7768,0.8653,0.9003,0.995,0.9913,1.0186,0.9836,0.9484,0.9644,0.9399,0.8766,1.0191,0.997,1.0144,0.9902,0.9699,1.064,1.3072,1.3845,1.4949,1.5272
Botswana,BWA,0.13,0.13,0.14,0.14,0.14,0.15,0.15,0.15,0.16,0.16,0.16,0.17,0.17,0.17,0.18,0.18,0.18,0.19,0.19,0.2,0.2,0.2,0.2,0.21,0.21,55.17,59.461000000000006,60.881,61.903999999999996,63.923,68.182,71.742,77.223,76.67699999999999,83.479,85.29,85.743,90.762,95.065,98.49799999999999,104.214,114.01299999999999,124.09299999999999,131.588,120.072,129.644,138.386,145.58100000000002,163.101,170.921,12.5736,12.0664,12.3803,12.1081,12.3552,13.2577,14.8846,14.5522,14.2899,14.3649,14.2482,14.69,13.8788,9.3009,9.8016,10.3533,12.7628,10.9125,17.3116,11.5214,18.7874,22.2055,13.5452,12.9796,14.1803
Central African Republic,CAF,0.28,0.29,0.3,0.3,0.31,0.32,0.33,0.34,0.35,0.36,0.36,0.37,0.38,0.39,0.4,0.4,0.41,0.42,0.43,0.43,0.44,0.44,0.44,0.44,0.45,6.377000000000001,6.392,5.9510000000000005,5.938,6.182,6.582000000000001,6.268,6.547000000000001,6.767,6.946000000000001,6.768,7.067,7.282,6.874,7.332999999999999,7.482,7.92,8.345,8.529,9.193999999999999,9.623,10.162,10.837,7.035,7.15,35.9112,36.9387,37.7156,38.4872,39.3206,40.1712,40.6708,41.0952,43.2111,41.2591,44.3236,43.2168,41.486,47.7154,44.0617,46.5456,46.8487,47.941,49.6629,45.1868,47.9691,49.7608,46.4095,49.2281,48.5662
Canada,CAN,2.77,2.8,2.84,2.87,2.9,2.93,2.96,2.99,3.02,3.04,3.07,3.1,3.14,3.16,3.19,3.22,3.26,3.29,3.32,3.36,3.4,3.43,3.47,3.51,3.54,201.739,201.607,205.575,213.672,225.55700000000002,234.019,239.625,251.675,262.203,277.45799999999997,292.651,301.077,308.532,322.251,337.97,362.111,379.99,394.398,402.76,387.974,400.124,415.694,421.892,441.88699999999994,456.45599999999996,560.0403,555.7398,570.5222,571.1014,590.996,606.7379,624.2119,640.2406,650.3115,658.8844,679.7555,672.6715,681.4384,702.3799,696.6948,708.3402,695.4153,731.7513,716.9919,685.1074,699.5197,713.3584,718.5661,738.3825,745.1087
Switzerland,CHE,0.67,0.68,0.69,0.69,0.7,0.7,0.71,0.71,0.71,0.71,0.72,0.72,0.73,0.73,0.74,0.74,0.75,0.76,0.76,0.77,0.78,0.79,0.8,0.81,0.82,275.94599999999997,279.155,282.262,285.97,293.436,299.025,305.421,318.125,329.186,338.14099999999996,357.546,367.78,377.18300000000005,377.134,391.7,405.723,451.064,497.464,525.847,517.69,530.677,561.8380000000001,578.496,601.085,619.0219999999999,51.8598,54.151,53.9446,51.6167,50.7095,51.4356,52.0193,50.6415,52.1036,52.2647,51.3352,52.9722,51.2288,52.4122,52.8998,53.4351,53.0943,51.1546,52.6545,51.3786,52.9935,49.0215,50.4543,51.4899,47.705
Chile,CHL,1.33,1.35,1.37,1.39,1.42,1.44,1.46,1.48,1.5,1.52,1.53,1.55,1.57,1.58,1.6,1.62,1.64,1.65,1.67,1.69,1.71,1.72,1.74,1.76,1.78,45.111999999999995,49.525,56.228,61.193999999999996,65.688,73.518,80.116,86.37299999999999,89.958,89.771,95.536,99.727,103.331,108.413,118.126,127.46600000000001,157.54,169.418,165.018,161.596,181.618,203.426,215.077,224.393,227.86700000000002,46.7818,45.7512,48.1094,49.4429,53.0041,56.4878,62.625,69.3735,70.0427,72.13,68.1943,66.5514,67.5924,68.8912,74.6799,75.8001,77.1741,85.1169,89.4577,86.3898,90.8737,97.5371,99.8293,103.6029,97.1524
China,CHN,113.52,115.08,116.5,117.84,119.18,120.49,121.75,123.01,124.19,125.27,126.26,127.19,128.04,128.84,129.61,130.37,131.1,131.79,132.47,133.13,133.77,134.41,135.07,135.74,136.43,9.876,11.008,12.703,14.638,16.712,18.726,20.744,22.814,24.642,26.682,29.363000000000003,32.274,35.539,39.585,44.496,50.81,58.678000000000004,68.471,76.15,83.527,93.037,103.555,113.28299999999999,123.61399999999999,134.464,3154.4563,3301.8964,3438.3925,3665.4446,3819.92,4205.0046,4221.1339,4252.7182,4359.1953,4293.6582,4480.3934,4721.7008,5051.075,5721.9482,6521.6593,7267.0607,7932.78,8571.7002,8752.4095,9314.1425,10108.2299,11013.0344,11250.3966,11732.5156,11911.7118
Cote d'Ivoire,CIV,1.19,1.24,1.28,1.33,1.37,1.42,1.47,1.51,1.56,1.6,1.65,1.69,1.72,1.76,1.8,1.84,1.88,1.92,1.96,2.01,2.05,2.1,2.15,2.21,2.26,21.320999999999998,21.271,20.94,20.654,20.549,21.739,23.092,23.62,24.326,24.383000000000003,23.785999999999998,23.761999999999997,23.214000000000002,22.836,23.25,23.875999999999998,24.439,24.983,25.538,25.969,26.183000000000003,24.955,27.479,29.701999999999998,32.111,23.3747,23.9943,24.4827,25.0909,26.1029,26.7178,26.0809,26.0654,24.7427,25.3163,23.9464,24.2816,25.6383,24.5056,24.3785,26.3927,26.3375,26.4939,27.731,27.532,28.8449,28.8764,31.2382,33.0563,33.7401
Cameroon,CMR,1.18,1.21,1.25,1.29,1.32,1.36,1.4,1.43,1.47,1.51,1.55,1.59,1.64,1.68,1.73,1.77,1.82,1.87,1.93,1.98,2.03,2.09,2.15,2.21,2.27,19.493,18.813,18.105999999999998,16.581,16.815,17.282,17.878,18.639,19.19,19.78,20.399,21.191,21.85,22.658,24.186,24.763,25.684,26.919,27.629,27.68,28.176,29.142,30.214000000000002,31.537,33.117,75.2891,74.9645,74.9059,79.0696,79.7501,79.5812,78.7451,79.469,80.7341,80.753,82.4335,81.8115,81.3611,82.2653,81.5427,83.0509,82.7123,83.7133,82.8321,83.3899,82.5208,82.6645,82.2881,83.2755,83.1379
"Congo, Rep.",COG,0.24,0.24,0.25,0.26,0.26,0.27,0.28,0.29,0.3,0.3,0.31,0.32,0.33,0.34,0.35,0.36,0.37,0.39,0.4,0.41,0.43,0.44,0.45,0.46,0.47,34.542,35.576,36.323,35.814,33.617,34.699,35.815,35.176,35.847,34.414,36.771,37.91,39.149,39.061,40.283,43.372,45.92,44.839,46.63,48.864,52.145,53.538000000000004,55.19,56.676,60.177,2.6054,4.847,4.7874,4.7732,4.5623,4.7205,4.4547,5.0769,5.0307,4.7734,4.5534,4.4521,4.4861,4.9567,4.7886,6.988,7.2454,7.2827,7.5829,7.7321,7.3315,7.3066,7.5893,6.9841,6.9983
Colombia,COL,3.31,3.38,3.44,3.51,3.58,3.64,3.71,3.77,3.84,3.9,3.96,4.03,4.09,4.15,4.21,4.26,4.32,4.37,4.43,4.48,4.52,4.57,4.61,4.65,4.7,50.155,51.861999999999995,54.125,57.278,60.747,64.061,65.399,67.628,67.63,64.652,66.94800000000001,68.483,70.227,73.244,78.112,83.206,90.363,97.929,101.88,102.745,107.32700000000001,116.50200000000001,122.26299999999999,128.914,136.181,116.6519,118.4205,121.978,125.916,127.883,130.9327,131.8528,135.9924,137.7688,128.6213,132.0068,132.2259,131.1788,132.7604,133.9722,138.8471,139.7764,143.5525,144.4866,148.6653,151.6834,154.6902,152.1934,159.5837,162.8699
Comoros,COM,0.04,0.04,0.04,0.04,0.05,0.05,0.05,0.05,0.05,0.05,0.05,0.06,0.06,0.06,0.06,0.06,0.06,0.06,0.07,0.07,0.07,0.07,0.07,0.07,0.08,16.746,15.902999999999999,17.145,17.562,16.512999999999998,16.986,16.611,17.112000000000002,17.07,17.2,19.007,19.393,19.676,19.982,20.423,21.147,21.835,22.066,22.839000000000002,23.184,23.765,24.653000000000002,25.31,26.273000000000003,26.689,0.2324,0.237,0.2403,0.2512,0.2481,0.2569,0.2694,0.274,0.301,0.2999,0.3018,0.3031,0.3146,0.3378,0.3507,0.3273,0.3648,0.2894,0.3124,0.3409,0.3803,0.3679,0.3813,0.4185,0.3978
Cabo Verde,CPV,0.03,0.03,0.04,0.04,0.04,0.04,0.04,0.04,0.04,0.04,0.04,0.04,0.04,0.04,0.05,0.05,0.05,0.05,0.05,0.05,0.05,0.05,0.05,0.05,0.05,10.877,11.13,12.290999999999999,13.293,15.735999999999999,17.88,19.799,21.897,24.416999999999998,27.029,31.01,31.838,33.483000000000004,34.979,39.003,42.403,46.556000000000004,54.376999999999995,58.411,57.412,58.217,61.023999999999994,62.074,62.86,63.63,0.2162,0.2283,0.2632,0.269,0.2531,0.2858,0.2737,0.2896,0.3147,0.3447,0.371,0.3945,0.4347,0.4693,0.4998,0.6195,0.6665,0.7123,0.6912,0.7537,0.7947,0.7666,0.6593,0.6549,0.6488
Costa Rica,CRI,0.31,0.32,0.33,0.34,0.35,0.35,0.36,0.37,0.38,0.39,0.4,0.4,0.41,0.42,0.42,0.43,0.43,0.44,0.45,0.45,0.46,0.46,0.47,0.47,0.48,50.256,51.761,56.324,60.174,62.611000000000004,64.93,65.33800000000001,68.529,72.47,74.812,77.874,80.896,83.49700000000001,87.322,92.209,97.37100000000001,106.095,116.259,122.406,120.585,126.447,133.029,140.42,144.459,150.673,8.2916,8.5565,9.6653,9.7097,10.1375,9.735,9.5639,9.6174,10.2894,10.0755,9.8896,10.2393,10.2118,10.6394,10.7561,11.498,11.6168,13.0157,13.1399,12.9547,12.858,13.3082,13.3446,13.7769,13.8976
Cuba,CUB,1.06,1.07,1.07,1.08,1.08,1.09,1.09,1.1,1.1,1.11,1.11,1.12,1.12,1.12,1.13,1.13,1.13,1.13,1.12,1.12,1.12,1.12,1.13,1.13,1.13,0.0,0.0,0.0,0.0,0.0,0.0,0.0,0.0,0.0,0.0,0.0,0.0,0.0,0.0,0.0,0.0,0.0,0.0,0.0,0.0,0.0,0.0,0.0,0.0,0.0,53.0702,44.3786,38.6556,35.1193,36.5711,37.4095,40.0188,42.6925,42.3262,42.8962,43.4051,42.3856,40.9798,40.2177,39.6888,39.9685,40.9096,42.0345,41.4902,45.7585,49.0899,46.7181,47.5771,46.5085,46.8277
Cyprus,CYP,0.08,0.08,0.08,0.08,0.08,0.09,0.09,0.09,0.09,0.09,0.09,0.1,0.1,0.1,0.1,0.1,0.1,0.11,0.11,0.11,0.11,0.11,0.11,0.11,0.12,133.14700000000002,135.124,147.225,148.14700000000002,156.958,170.696,172.97400000000002,177.78799999999998,187.585,196.627,212.915,228.71400000000003,235.56400000000002,242.52900000000002,259.212,277.632,299.842,328.499,348.241,338.88300000000004,332.30800000000005,331.923,319.147,306.209,303.906,5.0532,5.6093,5.9653,6.1466,6.348,6.2406,6.5573,6.6297,7.1381,7.3852,7.7236,7.6213,7.8572,8.6834,8.5788,8.769,8.8035,9.1812,9.3564,9.0863,8.8112,8.4961,7.9403,6.9364,7.0222
Czech Republic,CZE,1.03,1.03,1.03,1.03,1.03,1.03,1.03,1.03,1.03,1.03,1.03,1.02,1.02,1.02,1.02,1.02,1.02,1.03,1.04,1.04,1.05,1.05,1.05,1.05,1.05,126.59899999999999,115.956,117.87700000000001,120.619,126.734,137.525,145.834,147.306,149.064,153.241,161.908,175.545,181.892,194.261,207.99200000000002,219.56400000000002,237.765,261.249,278.448,275.993,276.67400000000004,287.974,290.472,304.857,322.633,181.0566,164.8315,158.3562,153.4895,145.9676,145.4959,147.042,144.3961,137.8697,130.5493,141.6226,141.6084,136.5724,140.8975,141.6378,138.204,138.7436,141.5069,135.9195,128.3928,130.5169,129.9681,125.4874,120.9859,116.7703
Germany,DEU,7.94,8.0,8.06,8.12,8.14,8.17,8.19,8.2,8.2,8.21,8.22,8.23,8.25,8.25,8.25,8.25,8.24,8.23,8.21,8.19,8.18,8.03,8.04,8.06,8.1,194.23,209.524,216.767,218.34099999999998,227.692,235.812,241.09599999999998,246.445,253.926,263.601,272.981,284.759,293.269,299.9,314.17400000000004,319.685,342.418,364.50800000000004,380.288,370.42400000000004,391.874,426.925,435.64099999999996,452.32199999999995,471.908,1154.1051,1124.8812,1077.8502,1067.8299,1054.4742,1048.3963,1070.5367,1033.6267,1018.268,981.0824,969.0739,984.353,967.2721,967.9244,948.6196,927.9916,938.3755,905.9013,912.3326,854.8262,892.2,864.2562,876.0749,894.057,854.0073
Djibouti,DJI,0.06,0.06,0.06,0.06,0.06,0.06,0.06,0.07,0.07,0.07,0.07,0.07,0.07,0.08,0.08,0.08,0.08,0.08,0.08,0.08,0.08,0.09,0.09,0.09,0.09,0.0,0.0,0.0,0.0,0.0,0.0,0.0,0.0,0.0,0.0,0.0,0.0,0.0,0.0,0.0,0.0,0.0,0.0,0.0,0.0,0.0,27.443,0.0,0.0,0.0,0.8948,0.8891,0.8934,0.9057,0.9176,0.9578,0.9942,1.0173,1.0224,1.0515,1.0813,1.1061,1.1394,1.1661,1.1594,1.1688,1.1596,1.2144,1.2558,1.2249,1.2836,1.2426,1.297,1.3934,1.5143
Dominica,DMA,0.01,0.01,0.01,0.01,0.01,0.01,0.01,0.01,0.01,0.01,0.01,0.01,0.01,0.01,0.01,0.01,0.01,0.01,0.01,0.01,0.01,0.01,0.01,0.01,0.01,43.207,45.299,47.158,49.119,50.035,52.591,55.343,57.802,61.016999999999996,62.428999999999995,65.491,66.875,65.845,71.061,74.899,77.51100000000001,83.42399999999999,91.009,99.34100000000001,98.89399999999999,100.681,102.499,103.287,104.38600000000001,110.921,0.1732,0.1741,0.1721,0.1759,0.1786,0.189,0.1807,0.1886,0.1849,0.1886,0.2106,0.2183,0.2058,0.2214,0.2183,0.2223,0.218,0.2617,0.2374,0.2373,0.2448,0.235,0.2428,0.2399,0.2429
Denmark,DNK,0.51,0.52,0.52,0.52,0.52,0.52,0.53,0.53,0.53,0.53,0.53,0.54,0.54,0.54,0.54,0.54,0.54,0.55,0.55,0.55,0.55,0.56,0.56,0.56,0.56,182.155,190.445,197.94099999999997,201.97799999999998,216.55900000000003,226.61,237.11,249.25799999999998,258.13599999999997,266.538,286.621,294.496,306.403,307.862,329.087,341.50199999999995,372.957,389.685,412.783,403.397,429.996,444.034,448.04,467.269,479.014,66.6723,77.2658,71.2017,73.8354,77.6614,74.4963,87.8829,78.3205,74.2522,70.8439,66.6328,67.7227,67.1045,72.6611,66.6301,62.8567,71.121,66.434,63.2441,60.7336,61.2864,56.1909,51.0317,52.8873,48.7741
Dominican Republic,DOM,0.71,0.73,0.74,0.75,0.77,0.78,0.8,0.81,0.82,0.83,0.85,0.86,0.87,0.89,0.9,0.91,0.92,0.93,0.95,0.96,0.97,0.98,0.99,1.0,1.02,35.792,36.648,40.913000000000004,44.144,45.433,48.173,51.115,55.693999999999996,59.151,62.588,65.958,68.04,71.17699999999999,70.51,73.242,81.529,90.494,98.53200000000001,102.365,102.83200000000001,111.329,115.806,119.79700000000001,126.35,136.976,15.2134,16.1398,17.8326,17.8648,19.7602,20.7331,21.7982,23.5754,25.6113,26.0903,27.4524,27.5998,29.6161,27.0347,26.2906,27.9888,29.9516,30.9622,31.3613,31.1971,32.4482,32.6492,33.2175,33.1372,33.1073
Algeria,DZA,2.58,2.64,2.7,2.76,2.82,2.88,2.93,2.97,3.02,3.06,3.1,3.15,3.19,3.23,3.27,3.31,3.36,3.42,3.47,3.53,3.6,3.67,3.74,3.81,3.89,66.825,66.597,67.73,66.388,65.818,68.432,71.281,72.134,75.524,77.954,81.624,84.806,89.82700000000001,96.84100000000001,102.368,110.25,113.81299999999999,118.95200000000001,122.113,122.91799999999999,126.564,130.464,134.797,138.164,143.17,90.7337,90.1712,90.3222,98.361,96.6891,98.7464,99.5933,103.2832,108.1765,113.6734,117.0715,114.7477,121.4828,126.4091,129.7047,134.5421,140.7133,148.6758,153.6934,163.8497,165.5905,171.7491,182.3343,187.5171,202.0871
Ecuador,ECU,1.02,1.05,1.07,1.1,1.12,1.15,1.17,1.2,1.22,1.24,1.27,1.29,1.31,1.34,1.36,1.38,1.41,1.43,1.45,1.48,1.5,1.52,1.55,1.57,1.6,48.427,51.00899999999999,52.063,53.132,55.333,56.519,57.31,59.558,60.93600000000001,57.733000000000004,58.543,61.105,63.489,65.305,71.36,76.19,80.59100000000001,83.166,88.689,88.42,91.14299999999999,98.836,104.831,110.28399999999999,114.84200000000001,29.1162,30.188,31.7499,31.2494,32.6013,35.6661,38.8073,39.9591,39.764,35.6183,36.5542,39.2984,39.4834,39.2795,42.7854,44.0497,46.0564,46.3978,47.3034,50.0586,53.776,55.0579,56.2169,58.2986,60.6294
"Egypt, Arab Rep.",EGY,5.61,5.74,5.87,5.99,6.11,6.23,6.36,6.49,6.62,6.75,6.88,7.02,7.15,7.28,7.42,7.55,7.69,7.82,7.96,8.11,8.28,8.45,8.64,8.84,9.04,38.273,39.113,40.909,42.22,43.943000000000005,46.013999999999996,48.214,50.71,53.07,55.983000000000004,59.717,61.994,63.278,65.28699999999999,68.521,72.495,78.398,84.713,90.91,94.113,98.14299999999999,99.82799999999999,101.73,103.405,106.012,123.3388,127.7573,131.8974,133.2189,127.7224,135.828,142.7845,152.1826,159.4946,168.1489,168.6119,182.2767,187.4435,195.6899,207.4449,227.5663,235.4893,251.1878,262.3536,265.7853,267.5967,274.99,288.3518,272.3785,272.685
Eritrea,ERI,0.23,0.23,0.23,0.22,0.22,0.22,0.22,0.22,0.22,0.22,0.23,0.24,0.25,0.26,0.27,0.28,0.29,0.3,0.31,0.31,0.32,0.32,0.0,0.0,0.0,0.0,0.0,10.53,12.334000000000001,15.41,16.287,18.185,19.973,20.451,20.462,19.776,21.217,21.249000000000002,20.097,20.023,20.378,20.139,20.427,18.38,18.886,19.214000000000002,21.03,0.0,0.0,0.0,,,6.0603,5.794,5.9156,6.0697,6.392,6.7026,6.5797,6.6075,6.6328,6.4999,6.4002,6.5035,6.4905,6.4621,6.3546,6.4824,6.3511,6.3004,6.3149,6.4977,6.6207,6.6813,6.7554
Spain,ESP,3.89,3.9,3.92,3.94,3.95,3.97,3.99,4.01,4.02,4.04,4.06,4.09,4.14,4.22,4.29,4.37,4.44,4.52,4.6,4.64,4.66,4.67,4.68,4.66,4.65,136.273,144.101,148.028,149.196,155.273,162.183,169.16099999999997,178.688,190.293,199.072,215.33900000000003,229.108,243.63,250.56,261.801,277.025,308.153,325.971,334.63699999999994,323.91,319.231,320.683,319.883,326.039,337.096,271.7052,278.7947,289.6307,276.4999,287.7991,300.575,293.2927,314.18,326.2477,350.1566,367.6934,369.3148,386.9475,394.0222,409.8726,423.7214,417.2805,431.8756,394.2674,354.8803,340.0375,339.7952,331.778,306.6777,305.8181
Estonia,EST,0.16,0.16,0.15,0.15,0.15,0.14,0.14,0.14,0.14,0.14,0.14,0.14,0.14,0.14,0.14,0.14,0.13,0.13,0.13,0.13,0.13,0.13,0.13,0.13,0.13,0.0,0.0,0.0,0.0,0.0,62.839,68.255,78.421,83.656,83.682,94.213,103.02799999999999,115.906,130.64700000000002,144.194,165.16099999999997,192.58,219.643,226.64,205.024,215.817,245.43099999999998,260.225,274.957,289.642,42.9105,38.9451,29.7394,23.7073,22.5782,20.6316,21.4405,21.0155,20.4154,19.3595,18.9324,19.367,18.9978,21.0148,21.1585,21.3849,20.1564,24.0275,22.4434,19.1331,23.0397,22.1454,20.9141,23.3256,22.0363
Ethiopia,ETH,4.79,4.96,5.14,5.33,5.52,5.7,5.89,6.07,6.25,6.43,6.62,6.82,7.01,7.22,7.42,7.63,7.85,8.07,8.29,8.52,8.76,9.01,9.27,9.54,9.81,4.248,3.937,3.548,3.965,4.0360000000000005,4.23,4.691,4.775,4.527,4.691,4.9430000000000005,5.315,5.3260000000000005,5.159,5.849,6.558,7.284,8.111,8.913,9.506,10.526,11.616,12.504000000000001,13.677,14.940999999999999,65.9973,66.4521,67.2177,61.9145,63.193,63.8906,66.9026,69.1506,74.8299,74.7212,72.3958,76.273,85.5334,83.8519,85.8107,89.3843,93.553,102.6523,106.6497,110.8278,115.2936,114.739,119.3196,123.3709,129.2132
Finland,FIN,0.5,0.5,0.5,0.51,0.51,0.51,0.51,0.51,0.52,0.52,0.52,0.52,0.52,0.52,0.52,0.52,0.53,0.53,0.53,0.53,0.54,0.54,0.54,0.54,0.55,181.495,175.57299999999998,172.632,174.577,184.532,195.579,200.577,217.78599999999997,235.58599999999998,247.68599999999998,267.529,277.70599999999996,285.672,289.849,311.181,319.934,343.63,377.032,399.694,378.3,387.374,406.835,406.202,412.935,414.702,73.6873,73.8074,70.9224,72.0966,78.7351,74.8229,80.9897,78.676,74.9644,73.9017,72.1335,77.4257,79.3083,87.0648,82.3253,69.7273,81.0394,79.1086,70.7962,67.6646,76.1792,68.4663,62.7742,63.5322,59.5276
Fiji,FJI,0.07,0.07,0.07,0.08,0.08,0.08,0.08,0.08,0.08,0.08,0.08,0.08,0.08,0.08,0.08,0.08,0.08,0.08,0.08,0.09,0.09,0.09,0.09,0.09,0.09,38.233000000000004,38.102,40.843,42.108000000000004,44.571999999999996,46.053999999999995,48.586999999999996,47.828,48.541000000000004,53.167,53.121,55.174,57.745,59.346000000000004,64.03399999999999,66.188,68.928,69.48,70.786,69.655,72.028,75.204,77.582,82.63,88.824,1.7324,1.6029,1.6833,1.7521,1.7947,1.8594,1.9118,1.8896,1.8416,1.8206,1.8578,2.1119,1.9348,2.033,2.3889,2.1152,2.2254,2.1866,1.9393,1.8103,2.2373,2.1186,2.0989,2.1994,2.2227
France,FRA,5.82,5.86,5.89,5.91,5.93,5.95,5.98,6.0,6.02,6.05,6.09,6.14,6.18,6.22,6.27,6.32,6.36,6.4,6.44,6.47,6.5,6.53,6.57,6.6,6.63,176.24200000000002,183.095,189.31900000000002,191.753,199.722,207.455,213.315,222.41400000000002,233.59099999999998,243.075,260.943,275.015,285.23900000000003,281.415,290.34,304.986,324.349,340.884,350.95300000000003,346.852,359.0,374.406,376.791,395.23900000000003,401.416,492.7267,518.8808,502.1944,482.8606,479.5558,488.658,504.0465,493.567,511.6289,504.751,498.7294,501.8357,493.8339,498.0763,498.5618,498.1051,488.8187,481.5453,475.9008,456.456,462.6836,432.7552,435.6084,440.8485,413.1144
"Micronesia, Fed. Sts.",FSM,0.01,0.01,0.01,0.01,0.01,0.01,0.01,0.01,0.01,0.01,0.01,0.01,0.01,0.01,0.01,0.01,0.01,0.01,0.01,0.01,0.01,0.01,0.01,0.01,0.01,17.663,19.125999999999998,19.820999999999998,21.409000000000002,21.315,22.979,22.506,21.474,22.413,23.143,24.826999999999998,25.87,26.471999999999998,27.522,27.449,29.021,30.075,30.546,30.714000000000002,31.486,32.523,34.135,33.753,32.577,32.019,,,0.1083,0.108,0.1114,0.1613,0.1616,0.1655,0.1724,0.1652,0.1799,0.2249,0.1994,0.1997,0.1996,0.1778,0.1781,0.1971,0.1757,0.2201,0.1727,0.1813,0.1964,0.2047,0.1803
Gabon,GAB,0.09,0.1,0.1,0.1,0.11,0.11,0.11,0.11,0.12,0.12,0.12,0.13,0.13,0.13,0.14,0.14,0.14,0.15,0.15,0.16,0.16,0.17,0.17,0.18,0.19,126.90799999999999,135.468,130.685,135.388,139.686,145.887,150.069,157.403,160.667,144.839,141.822,144.54,143.014,145.374,146.559,151.06799999999998,147.082,155.495,148.636,145.148,151.904,160.111,165.36599999999999,171.16299999999998,175.483,6.6554,6.9009,7.1885,7.312,7.0675,7.2441,7.0445,6.9078,6.7285,6.3352,5.8765,5.7674,5.568,5.65,5.7575,5.9104,5.3582,5.4161,5.4508,5.5633,6.14,7.0512,7.3869,7.344,7.2586
United Kingdom,GBR,5.72,5.74,5.76,5.77,5.79,5.8,5.82,5.83,5.85,5.87,5.89,5.91,5.94,5.96,6.0,6.04,6.08,6.13,6.18,6.23,6.28,6.33,6.37,6.41,6.46,166.983,170.227,174.28599999999997,182.486,193.122,204.34799999999998,217.6,229.593,235.15200000000002,242.097,262.551,275.123,288.819,301.262,317.885,324.923,345.54400000000004,354.075,364.265,347.694,360.12699999999995,368.20300000000003,379.11300000000006,395.05400000000003,408.675,737.7344,745.6428,721.3853,702.7208,692.3,674.5566,690.0033,660.5242,657.3484,648.5991,648.3754,656.1518,635.5173,643.619,640.3039,634.5543,634.8797,620.9046,605.2281,554.5052,571.7307,533.3438,557.5926,546.2641,506.1109
Georgia,GEO,0.48,0.48,0.49,0.49,0.48,0.47,0.45,0.43,0.42,0.42,0.41,0.4,0.4,0.4,0.39,0.39,0.39,0.39,0.38,0.38,0.38,0.38,0.37,0.37,0.37,51.813,41.967,23.468000000000004,16.855,15.664000000000001,17.035999999999998,20.004,23.223000000000003,24.82,26.439,28.068,30.531999999999996,33.007,37.591,41.093999999999994,46.733000000000004,52.983000000000004,61.571000000000005,64.482,63.16,68.38600000000001,75.459,82.395,86.94200000000001,92.639,48.0278,38.5032,31.4264,25.5361,18.1399,14.4429,13.0313,12.6004,12.4341,12.4071,13.1158,11.6809,10.9371,10.9617,11.0619,11.7051,12.0977,12.7628,11.85,12.6749,12.3058,13.8853,14.7281,15.1286,16.3822
Ghana,GHA,1.48,1.52,1.57,1.61,1.66,1.7,1.75,1.79,1.84,1.88,1.93,1.98,2.02,2.08,2.13,2.18,2.24,2.3,2.36,2.42,2.48,2.54,2.6,2.66,2.72,12.335,13.042,13.462,14.042,14.409,14.908,15.472000000000001,15.991,16.517,17.07,17.659000000000002,18.314,18.971,19.835,20.982,22.342,23.874000000000002,24.929000000000002,27.033,27.840999999999998,29.644000000000002,33.688,36.646,39.097,40.062,12.4027,12.5031,13.0577,13.3402,13.7684,14.1717,14.6656,15.1213,18.135,17.6839,18.1403,19.206,19.964,20.7762,18.953,22.1928,23.1669,22.9547,22.6954,23.8792,25.4236,27.519,29.1166,30.8917,30.2599
Guinea,GIN,0.64,0.65,0.67,0.69,0.71,0.73,0.75,0.77,0.79,0.81,0.82,0.84,0.86,0.88,0.89,0.91,0.93,0.95,0.97,1.0,1.02,1.04,1.07,1.09,1.12,8.714,8.985,9.235,9.67,10.002,10.405,10.78,11.235999999999999,11.478,11.797,12.084000000000001,12.532,13.124,13.277000000000001,13.683,14.239,14.527999999999999,15.584000000000001,16.169,15.745999999999999,16.324,17.215,18.179000000000002,18.801,19.407,7.5107,7.8168,8.141,8.4901,9.0147,9.4157,9.6006,9.8293,10.7361,10.4702,11.0554,11.2261,12.5542,12.1169,12.5029,12.9733,13.4348,13.3382,14.8425,14.7574,15.2549,15.3509,16.3306,16.4436,16.0351
"Gambia, The",GMB,0.1,0.1,0.1,0.11,0.11,0.11,0.12,0.12,0.12,0.13,0.13,0.14,0.14,0.14,0.15,0.15,0.16,0.16,0.17,0.17,0.18,0.18,0.19,0.2,0.2,9.379,9.624,9.831,10.041,9.958,9.943999999999999,10.035,10.384,10.538,11.027000000000001,11.527000000000001,12.075,11.494000000000002,12.118,12.907,12.78,12.915999999999999,13.339,13.957,14.532,15.198,14.408,15.044,15.561,15.238,3.7253,3.8737,3.9794,4.0936,4.2409,4.3854,4.5185,4.5959,4.7762,4.8859,5.0749,5.2314,5.3617,5.5516,5.8099,5.9338,6.1611,6.2786,6.5483,6.9199,7.1637,7.0464,7.2101,7.4069,7.6859
Guinea-Bissau,GNB,0.1,0.1,0.1,0.1,0.11,0.11,0.11,0.11,0.12,0.12,0.12,0.12,0.13,0.13,0.13,0.13,0.14,0.14,0.14,0.15,0.15,0.16,0.16,0.16,0.17,10.600999999999999,11.261,11.384,11.635,12.001,12.527000000000001,13.954,14.828,10.577,10.63,11.227,11.478,11.293,11.308,11.659,12.242,12.597999999999999,13.037,13.380999999999998,13.59,14.017000000000001,15.067,14.698,15.037,15.065999999999999,1.2297,1.2423,1.2751,1.2979,1.3183,1.3447,1.363,1.3484,1.3148,1.4406,1.4026,1.5027,1.5169,1.5965,1.4673,1.432,1.6731,1.5966,1.6392,1.6866,1.8409,1.8658,2.0272,1.9723,2.0245
Equatorial Guinea,GNQ,0.04,0.04,0.04,0.05,0.05,0.05,0.05,0.05,0.06,0.06,0.06,0.06,0.07,0.07,0.07,0.07,0.08,0.08,0.09,0.09,0.09,0.1,0.1,0.11,0.11,6.605,6.545,8.729,9.592,11.037,12.767999999999999,20.857,51.0,61.317,75.038,87.037,139.45600000000002,162.366,180.699,245.25900000000001,282.41900000000004,299.41900000000004,338.406,387.909,378.21,332.94699999999995,346.221,365.76099999999997,341.80699999999996,335.42800000000005,0.1654,0.2825,0.3373,1.2488,1.2229,1.3584,3.0585,4.5116,5.6095,7.2197,8.5259,10.4919,12.6546,16.2762,18.6908,19.5562,20.1669,20.0663,19.8013,20.4282,20.2893,20.3445,20.728,20.5142,20.5799
Greece,GRC,1.02,1.03,1.04,1.05,1.05,1.06,1.06,1.07,1.07,1.08,1.08,1.09,1.09,1.09,1.1,1.1,1.1,1.1,1.11,1.11,1.11,1.11,1.1,1.1,1.09,132.911,139.974,143.069,143.27,148.511,154.08700000000002,161.293,171.541,180.335,184.64700000000002,195.18900000000002,209.636,226.15900000000002,238.702,254.373,255.775,285.195,292.91900000000004,308.56,303.654,281.48400000000004,261.413,252.845,260.97900000000004,268.385,96.2069,95.9054,97.7708,98.6833,100.9206,104.7927,105.1597,106.2303,109.6191,109.4327,117.2965,118.3838,117.6971,121.0948,120.2849,121.3044,119.6097,123.1803,117.3116,110.735,103.3464,100.9196,94.5859,87.4638,84.1137
Grenada,GRD,0.01,0.01,0.01,0.01,0.01,0.01,0.01,0.01,0.01,0.01,0.01,0.01,0.01,0.01,0.01,0.01,0.01,0.01,0.01,0.01,0.01,0.01,0.01,0.01,0.01,46.968999999999994,49.165,49.495,49.137,50.46,52.123999999999995,55.043,58.473,65.786,71.054,75.896,75.685,79.229,88.023,89.51299999999999,104.23899999999999,102.838,111.79299999999999,114.757,107.645,107.89,110.40100000000001,110.546,114.36,124.241,1.5642,1.5786,1.5968,1.6114,1.6445,1.6628,1.6783,1.7049,1.7241,1.7547,1.7624,1.7755,1.7961,1.8167,1.815,1.8353,1.8605,1.8781,1.9033,1.9136,1.9305,1.9325,1.9601,2.0022,1.9491
Guatemala,GTM,0.93,0.95,0.97,0.99,1.02,1.04,1.06,1.09,1.11,1.14,1.17,1.19,1.22,1.25,1.28,1.31,1.34,1.37,1.4,1.43,1.46,1.49,1.53,1.56,1.59,33.1,34.650999999999996,36.293,37.718,39.157,41.004,42.028,43.631,45.302,46.661,48.308,49.357,50.86600000000001,51.882,53.685,55.857,59.28,63.278,65.169,64.583,65.767,68.445,70.315,72.649,75.527,11.4134,11.7391,12.8633,13.4713,13.7044,14.6883,14.6578,15.2852,17.1218,17.5361,18.9798,19.6258,20.3985,20.5084,21.652,22.45,22.6641,23.837,22.7077,23.821,23.9876,24.4858,24.8124,26.6483,30.858
Guyana,GUY,0.07,0.07,0.07,0.08,0.08,0.08,0.08,0.08,0.08,0.07,0.07,0.07,0.07,0.07,0.07,0.07,0.07,0.07,0.07,0.07,0.07,0.08,0.08,0.08,0.08,18.659000000000002,20.426,22.388,24.61,27.109,28.979,31.878,34.56,34.554,36.288000000000004,36.738,38.477,39.551,40.012,41.698,42.13399999999999,45.625,50.13,52.091,54.288000000000004,57.062,61.07,65.233,69.34,72.976,2.4458,2.6488,2.6237,2.7288,3.0441,3.323,3.3812,3.5102,3.4934,3.6113,3.3125,3.3432,3.2463,3.3706,3.4157,3.0874,2.9184,3.2264,3.3666,3.3532,3.5795,3.6521,3.9408,4.0547,4.4776
Honduras,HND,0.5,0.51,0.52,0.54,0.55,0.57,0.59,0.6,0.62,0.64,0.66,0.68,0.69,0.71,0.73,0.75,0.76,0.78,0.8,0.82,0.83,0.85,0.86,0.88,0.9,20.815,20.22,21.326,22.604,22.491,23.7,23.892,24.703000000000003,25.151,24.627,26.284000000000002,26.866999999999997,27.592,28.65,30.497,32.563,34.931,37.239000000000004,38.715,37.268,38.325,39.845,41.503,42.631,43.981,10.4836,10.6135,10.9362,10.8214,11.46,12.2882,12.3593,12.7172,13.3345,13.2167,13.9117,14.8159,15.1714,16.7846,17.8829,18.381,17.8381,19.7413,19.4229,19.3507,19.3148,20.6585,20.8196,21.111,21.4748
Croatia,HRV,0.48,0.47,0.46,0.46,0.47,0.46,0.46,0.45,0.45,0.45,0.45,0.43,0.43,0.43,0.43,0.43,0.43,0.43,0.43,0.43,0.43,0.43,0.43,0.43,0.42,0.0,0.0,0.0,0.0,0.0,79.506,86.73299999999999,94.508,97.71700000000001,98.381,106.531,116.685,126.725,135.42600000000002,145.096,152.905,174.139,193.35299999999998,208.372,200.347,197.80700000000002,207.58599999999998,211.56599999999997,218.071,220.771,29.6373,23.4093,22.0438,22.1196,21.1611,21.4351,21.3089,23.3838,24.4254,24.4456,23.9697,25.1778,26.6315,28.1128,27.9921,28.0231,28.6669,30.0012,29.1491,26.742,25.8023,25.7075,23.9505,23.4257,22.6856
Haiti,HTI,0.7,0.72,0.73,0.75,0.76,0.77,0.79,0.8,0.82,0.83,0.85,0.86,0.88,0.89,0.9,0.92,0.93,0.95,0.96,0.98,0.99,1.01,1.03,1.04,1.05,13.716,14.164000000000001,13.453,12.777999999999999,11.277000000000001,12.421,12.934000000000001,13.270999999999999,13.472000000000001,13.793,13.981,13.9,13.850999999999999,13.927,13.574000000000002,14.02,14.533,15.177,15.359000000000002,15.706,14.787,15.692,16.213,16.948,17.504,4.6707,4.8668,5.217,4.8613,4.3472,5.1065,5.3446,5.8074,5.9469,6.0659,6.4904,6.7729,7.0516,7.0249,7.3064,7.4599,7.5162,7.8933,7.9287,7.9264,7.8357,7.9388,7.8959,8.0637,8.6718
Hungary,HUN,1.04,1.04,1.04,1.04,1.03,1.03,1.03,1.03,1.03,1.02,1.02,1.02,1.02,1.01,1.01,1.01,1.01,1.01,1.0,1.0,1.0,1.0,0.99,0.99,0.99,0.0,83.11200000000001,82.434,83.99600000000001,88.439,91.766,93.405,98.22399999999999,104.115,108.948,118.78,132.31,145.496,154.683,162.45600000000002,170.81799999999998,182.98,190.301,206.787,206.518,215.34900000000002,228.412,230.945,244.641,255.18200000000002,88.2158,84.3182,75.6074,75.3241,74.0855,72.971,74.8184,73.4569,73.8563,74.8632,71.7403,73.8355,72.8356,75.3828,74.2476,73.454,72.661,70.4317,69.5458,63.3124,63.1163,61.3492,57.8077,56.9204,56.7553
Indonesia,IDN,18.14,18.46,18.77,19.09,19.39,19.69,19.99,20.28,20.57,20.86,21.15,21.44,21.74,22.03,22.33,22.63,22.93,23.24,23.55,23.86,24.18,24.51,24.85,25.18,25.51,30.019000000000002,32.608000000000004,34.923,37.452,40.485,44.047,47.641999999999996,50.01,43.315,43.674,46.205,48.273999999999994,50.553999999999995,53.231,56.648999999999994,60.919,65.34100000000001,70.415,75.101,78.131,82.845,88.59100000000001,94.449,100.09700000000001,105.70200000000001,380.2543,396.2977,414.6292,429.544,444.7026,478.7409,494.8388,515.0563,523.5184,543.1654,538.88,559.0935,567.7198,597.3829,606.2415,609.543,632.3294,651.765,655.534,681.2795,695.4181,714.8734,734.9148,744.6847,789.4752
India,IND,87.33,89.13,90.93,92.74,94.56,96.39,98.24,100.09,101.95,103.81,105.66,107.5,109.33,111.15,112.96,114.76,116.55,118.32,120.07,121.77,123.43,125.03,126.58,128.08,129.56,12.367,12.659,13.387,14.075,15.037,16.202,17.410999999999998,18.087,19.067999999999998,20.677,21.566999999999997,22.706999999999997,23.543000000000003,25.441,27.744,30.391,33.316,36.28,37.573,40.264,43.602,46.246,49.096000000000004,52.523,56.827,1188.8433,1244.3583,1276.4516,1310.1311,1357.7079,1421.6693,1475.7352,1532.4918,1563.0584,1639.6739,1679.4802,1711.2335,1741.99,1786.5244,1883.2593,1970.257,2068.2189,2208.8707,2309.6455,2488.6843,2592.8056,2699.879,2833.2703,2909.0566,3079.8127
Ireland,IRL,0.35,0.35,0.36,0.36,0.36,0.36,0.36,0.37,0.37,0.38,0.38,0.39,0.39,0.4,0.41,0.42,0.43,0.44,0.45,0.45,0.46,0.46,0.46,0.46,0.47,137.38299999999998,143.939,151.107,158.06,170.05599999999998,189.37599999999998,204.792,226.25599999999997,250.595,269.953,301.778,325.461,352.121,362.37800000000004,386.69199999999995,404.37800000000004,442.05,467.597,442.837,416.217,432.95,448.55300000000005,462.566,478.973,510.68,53.6667,54.4391,54.7246,55.3303,56.7896,57.5501,58.7803,60.2654,63.6082,65.425,66.9182,69.2439,68.5893,68.0673,69.2327,70.6466,71.1437,69.5642,69.2612,64.073,62.7663,58.5973,59.766,59.2123,58.7061
Iraq,IRQ,1.74,1.79,1.84,1.9,1.95,2.01,2.08,2.14,2.21,2.28,2.35,2.42,2.49,2.56,2.63,2.69,2.74,2.79,2.84,2.9,2.97,3.07,3.19,3.32,3.44,74.982,27.136999999999997,35.775,46.325,47.669,48.196000000000005,52.825,63.153999999999996,83.49799999999999,96.59200000000001,97.177,98.615,90.556,59.99100000000001,92.555,97.38600000000001,108.40799999999999,110.98100000000001,120.402,122.87700000000001,128.849,136.94,153.209,161.336,159.502,155.784,124.0568,134.3421,146.1816,146.0661,130.9525,147.5137,180.7405,161.8875,160.3273,185.521,191.8928,179.2054,165.4502,164.4992,173.3779,173.8859,172.1569,185.9616,213.4824,231.3188,246.5791,270.1728,284.5679,294.8999
Iceland,ISL,0.03,0.03,0.03,0.03,0.03,0.03,0.03,0.03,0.03,0.03,0.03,0.03,0.03,0.03,0.03,0.03,0.03,0.03,0.03,0.03,0.03,0.03,0.03,0.03,0.03,219.84400000000002,224.157,218.764,224.593,235.61599999999999,239.53400000000002,247.84400000000002,269.10400000000004,286.882,295.232,297.106,317.752,325.24,326.194,356.08099999999996,372.332,390.94,411.602,433.184,419.05400000000003,395.77,407.67199999999997,419.26300000000003,441.57599999999996,457.149,3.0753,2.9664,2.913,2.8854,2.9242,2.7536,3.0674,2.9835,3.014,2.9987,3.1221,3.008,3.0753,3.0472,3.111,3.0764,3.1535,3.2251,3.0474,2.9703,2.8488,2.7793,2.704,2.8594,2.9132
Israel,ISR,0.47,0.49,0.51,0.53,0.54,0.55,0.57,0.58,0.6,0.61,0.63,0.64,0.66,0.67,0.68,0.69,0.71,0.72,0.73,0.75,0.76,0.78,0.79,0.81,0.82,151.49200000000002,158.863,169.144,175.551,187.695,198.905,207.287,214.025,220.389,225.65599999999998,249.123,249.018,252.079,237.921,251.99099999999999,248.11,256.70099999999996,274.547,274.147,274.991,288.295,305.69,317.253,341.785,342.626,42.2885,43.5072,46.4015,50.5993,54.0221,58.162,60.7716,63.4742,64.7422,66.609,71.1009,71.9042,74.9419,76.7877,76.9542,74.901,78.713,81.5236,82.0864,81.8709,87.1855,87.3215,94.583,89.5907,87.4817
Italy,ITA,5.67,5.68,5.68,5.68,5.68,5.68,5.69,5.69,5.69,5.69,5.69,5.7,5.71,5.73,5.77,5.8,5.81,5.84,5.88,5.91,5.93,5.94,5.95,6.02,6.08,185.47400000000002,194.562,200.519,203.395,212.16400000000002,222.862,229.68099999999998,238.19,249.46900000000002,255.31599999999997,270.272,279.32599999999996,286.416,290.813,294.474,300.518,323.32,339.965,354.029,345.14,350.08099999999996,363.473,362.371,361.311,360.708,491.0188,489.2065,486.9565,479.615,474.8034,497.6824,496.2418,500.2063,512.8427,521.0285,525.6145,521.9916,531.8453,549.703,560.6943,558.1968,552.5355,542.7224,525.4715,473.7434,479.11,470.575,451.3357,421.374,403.1072
Jamaica,JAM,0.24,0.24,0.25,0.25,0.25,0.25,0.26,0.26,0.26,0.26,0.27,0.27,0.27,0.27,0.27,0.27,0.28,0.28,0.28,0.28,0.28,0.28,0.28,0.29,0.29,47.379,50.942,52.653,58.417,59.901,61.983999999999995,62.433,62.17100000000001,60.816,61.777,63.184,64.949,66.84100000000001,70.146,72.571,75.087,79.186,82.066,82.57600000000001,79.199,78.543,81.12100000000001,81.7,83.068,84.735,8.886,8.8969,9.6873,9.8819,9.9207,10.2394,10.5996,10.804,11.3133,11.6005,11.6885,11.773,11.967,12.3678,12.4005,12.4377,13.6309,13.5567,11.6232,9.4616,8.931,9.3726,8.9906,9.501,9.391
Jordan,JOR,0.36,0.38,0.4,0.42,0.44,0.46,0.47,0.48,0.49,0.5,0.51,0.52,0.53,0.54,0.56,0.58,0.6,0.63,0.66,0.69,0.73,0.77,0.81,0.85,0.89,40.785,40.711999999999996,46.714,47.369,48.388000000000005,50.419,50.818999999999996,52.131,53.248000000000005,54.88399999999999,57.457,60.687,63.983999999999995,66.429,72.12100000000001,77.84,83.417,88.75399999999999,92.568,93.575,91.941,91.244,90.412,89.83200000000001,90.13799999999999,17.3556,17.4911,20.1226,20.6142,21.5161,22.1704,21.723,21.3085,20.5886,19.6759,19.4766,19.6284,21.3459,21.0192,22.9575,24.4771,24.9454,26.3792,26.0151,26.502,26.2536,26.9843,30.5223,30.4223,32.403
Japan,JPN,12.35,12.39,12.42,12.45,12.5,12.54,12.58,12.61,12.64,12.66,12.68,12.71,12.74,12.77,12.78,12.78,12.79,12.8,12.81,12.8,12.81,12.78,12.76,12.74,12.73,195.612,208.49,214.517,217.923,224.023,234.09599999999998,245.15099999999998,251.46200000000002,250.74099999999999,253.257,268.387,274.725,281.601,289.247,303.48,316.635,330.902,345.015,347.98800000000006,331.986,349.87,357.74699999999996,371.914,389.741,391.792,1171.0379,1178.6127,1191.2018,1185.3836,1238.916,1252.05,1266.5546,1259.3129,1224.8234,1264.8534,1280.8974,1266.2313,1300.4157,1304.2892,1298.7532,1303.4118,1287.6752,1330.2389,1241.1571,1175.9135,1225.8449,1281.1109,1328.2911,1353.6294,1314.59
Kazakhstan,KAZ,1.63,1.65,1.64,1.63,1.61,1.58,1.56,1.53,1.51,1.49,1.49,1.49,1.49,1.49,1.5,1.51,1.53,1.55,1.57,1.61,1.63,1.66,1.68,1.7,1.73,84.68799999999999,77.436,75.055,70.229,63.607,60.669,63.036,66.252,66.869,70.333,79.189,92.008,102.618,113.861,127.264,142.683,161.018,178.011,185.19299999999998,183.929,196.854,212.769,224.08,238.239,249.24400000000003,332.89,336.8705,333.7306,291.6447,263.6205,231.3289,203.9329,176.4538,175.6036,161.0385,156.1106,154.9383,171.9104,182.2595,199.6912,213.3169,233.9984,241.441,287.4499,260.4292,283.4199,300.6789,299.8313,313.7248,291.6327
Kenya,KEN,2.37,2.45,2.53,2.61,2.7,2.78,2.86,2.94,3.03,3.11,3.2,3.28,3.38,3.47,3.56,3.66,3.76,3.87,3.98,4.09,4.2,4.32,4.43,4.55,4.67,15.237,15.46,15.187999999999999,15.119000000000002,15.369000000000002,15.9,16.379,16.27,16.525,16.683,16.692999999999998,17.227999999999998,17.125,17.475,18.355,19.503,20.811999999999998,22.211,22.076,22.357,23.86,25.159000000000002,26.107,27.4,28.671,36.067,34.8812,34.8594,34.6108,34.8314,35.1548,34.5067,34.1576,35.3188,37.0977,35.9711,35.5406,36.3356,37.4073,39.6274,40.7897,40.4186,55.5977,56.713,56.9688,58.365,60.2467,59.4649,60.1371,60.5299
Kyrgyz Republic,KGZ,0.44,0.45,0.45,0.45,0.45,0.46,0.46,0.47,0.48,0.48,0.49,0.49,0.5,0.5,0.51,0.52,0.52,0.53,0.53,0.54,0.54,0.55,0.56,0.57,0.58,22.548000000000002,21.131999999999998,18.398,15.918,12.997,12.425,13.35,14.710999999999999,14.960999999999999,15.499,16.508,17.6,17.712,19.108,20.748,21.118000000000002,22.191999999999997,24.5,26.819000000000003,27.47,27.331,29.206,29.215999999999998,32.321,33.57,32.1268,29.1377,21.3255,16.9011,12.4853,9.401,10.3432,10.0984,10.4835,9.218,9.099,8.4426,9.3715,10.1779,10.1306,9.9738,10.0834,11.3445,12.5118,12.0553,11.7351,13.1669,15.7694,15.4959,15.1682
Cambodia,KHM,0.9,0.93,0.96,1.0,1.03,1.07,1.1,1.13,1.16,1.19,1.22,1.24,1.26,1.29,1.31,1.33,1.35,1.37,1.39,1.41,1.43,1.45,1.48,1.5,1.53,0.0,0.0,0.0,11.503,7.401,8.041,8.413,8.652999999999999,8.921,9.955,11.017999999999999,11.854000000000001,12.597999999999999,13.687000000000001,15.259,17.542,19.715999999999998,21.983,23.559,23.406,24.706999999999997,26.581,28.601,30.733,33.006,15.3511,15.2577,15.8881,16.7383,15.8945,17.8019,17.8307,17.9836,18.063,19.141,18.165,18.6399,19.1515,20.3922,21.3032,21.6394,23.0515,24.6398,24.8389,25.4169,26.2524,27.7542,27.3084,27.1265,28.8387
Kiribati,KIR,0.01,0.01,0.01,0.01,0.01,0.01,0.01,0.01,0.01,0.01,0.01,0.01,0.01,0.01,0.01,0.01,0.01,0.01,0.01,0.01,0.01,0.01,0.01,0.01,0.01,12.615,12.812999999999999,13.03,13.285,13.630999999999998,13.729000000000001,14.004000000000001,14.251,15.099,14.824000000000002,15.831,15.67,16.246,16.589000000000002,16.45,17.45,17.585,18.008,17.567,17.46,17.160999999999998,17.492,18.38,19.215999999999998,19.176,0.0356,0.0357,0.0396,0.0434,0.0436,0.0437,0.0479,0.0408,0.0447,0.0449,0.0459,0.0427,0.0583,0.0585,0.0626,0.0812,0.0889,0.071,0.0751,0.0607,0.0832,0.0835,0.0841,0.0844,0.0849
"Korea, Rep.",KOR,4.29,4.33,4.37,4.42,4.46,4.51,4.55,4.6,4.63,4.66,4.7,4.74,4.76,4.79,4.81,4.82,4.84,4.87,4.91,4.93,4.96,4.99,5.02,5.04,5.07,82.734,93.458,100.44200000000001,108.751,120.085,132.99200000000002,144.33,154.062,146.213,163.928,180.83,191.68200000000002,207.75099999999998,213.768,229.368,241.96400000000003,258.21,278.223,286.56,283.252,303.653,312.285,320.972,326.158,335.876,290.7325,315.4002,340.5471,369.3051,395.6665,427.9663,456.5211,480.607,416.3353,453.4624,510.454,526.7219,520.572,527.0543,550.0127,547.7178,556.8015,570.3736,582.6205,596.379,645.3432,670.5052,674.744,673.5412,671.1899
Kuwait,KWT,0.21,0.2,0.0,0.0,0.0,0.16,0.16,0.17,0.18,0.2,0.2,0.21,0.21,0.22,0.22,0.23,0.24,0.25,0.27,0.28,0.3,0.32,0.33,0.35,0.37,0.0,0.0,0.0,0.0,0.0,595.172,601.883,596.81,584.3340000000001,546.216,557.918,558.431,575.064,679.3639999999999,759.0889999999999,835.1469999999999,884.797,912.8739999999999,899.133,792.628,738.18,780.217,802.0980000000001,783.992,767.0310000000001,78.3789,91.6166,85.8882,99.0883,110.6601,117.8129,117.6199,119.3998,125.9642,130.577,134.6228,142.1901,148.9615,154.7653,161.6088,173.9793,176.7982,176.2524,181.1373,188.1681,187.289,192.33,197.4428,196.154,198.97
Lebanon,LBN,0.28,0.29,0.31,0.32,0.34,0.35,0.36,0.37,0.37,0.37,0.38,0.4,0.42,0.44,0.46,0.47,0.48,0.48,0.48,0.48,0.5,0.52,0.55,0.59,0.63,36.233000000000004,53.707,60.75,65.277,68.745,72.065,79.806,80.967,84.073,83.611,84.485,86.324,86.545,86.72200000000001,90.912,93.66799999999999,96.887,108.609,121.02799999999999,132.866,141.112,138.415,136.109,133.09,130.49,7.439,8.9473,9.2593,13.2817,14.4855,16.3608,17.0041,18.6665,18.7636,19.3716,17.8981,19.1668,19.0841,19.5785,20.016,19.3743,18.0232,16.7714,20.7866,24.7023,23.8694,24.4866,26.9876,26.9435,28.5954
Liberia,LBR,0.21,0.2,0.2,0.2,0.2,0.2,0.22,0.23,0.25,0.27,0.28,0.3,0.3,0.31,0.31,0.32,0.33,0.35,0.36,0.38,0.39,0.4,0.41,0.42,0.44,0.0,0.0,0.0,0.0,0.0,0.0,0.0,0.0,0.0,0.0,10.487,10.636,10.948,7.6579999999999995,7.919,8.377,9.013,9.749,10.218,10.419,10.789000000000001,11.544,12.343,13.29,13.289000000000001,1.1864,0.9487,0.9481,0.9467,0.9289,0.9388,0.9794,1.0361,1.0928,1.1252,1.1737,1.2536,1.2611,1.3119,1.4255,1.5551,1.6228,1.6007,1.5576,1.5791,1.9033,2.0375,2.2001,2.1519,2.1503
St. Lucia,LCA,0.01,0.01,0.01,0.01,0.01,0.01,0.01,0.02,0.02,0.02,0.02,0.02,0.02,0.02,0.02,0.02,0.02,0.02,0.02,0.02,0.02,0.02,0.02,0.02,0.02,62.51,63.951,69.732,70.97399999999999,72.79899999999999,74.705,77.263,76.97399999999999,81.594,83.90100000000001,84.869,83.006,84.02600000000001,88.604,96.82600000000001,98.458,106.443,110.06,116.14200000000001,113.846,114.285,120.492,121.654,120.726,122.475,0.7889,0.8078,0.8484,0.878,0.935,1.0067,1.0405,1.0326,0.9904,1.0066,1.0198,1.0569,1.012,1.0495,1.0506,1.066,1.0693,1.0928,1.1082,1.1018,1.125,1.1314,1.1346,1.133,1.1379
Liechtenstein,LIE,0.0,0.0,0.0,0.0,0.0,0.0,0.0,0.0,0.0,0.0,0.0,0.0,0.0,0.0,0.0,0.0,0.0,0.0,0.0,0.0,0.0,0.0,0.0,0.0,0.0,0.0,0.0,0.0,0.0,0.0,0.0,0.0,0.0,0.0,0.0,0.0,0.0,0.0,0.0,0.0,0.0,0.0,0.0,0.0,0.0,0.0,0.0,0.0,0.0,0.0,,,,,,,,,,,,,,,,,,0.091,0.0914,0.0808,0.0841,0.0768,0.0775,0.0807,0.0743
Sri Lanka,LKA,1.73,1.75,1.77,1.79,1.81,1.82,1.84,1.85,1.86,1.87,1.88,1.89,1.91,1.92,1.94,1.95,1.97,1.98,2.0,2.01,2.03,2.04,2.04,2.06,2.08,23.447,25.051,26.445999999999998,28.636999999999997,30.596999999999998,32.689,34.318000000000005,36.937,38.911,40.952,44.11,44.066,46.17,49.402,53.044,57.641000000000005,63.449,69.07,74.07300000000001,76.744,83.289,91.557,101.714,106.182,112.50299999999999,22.591,22.3599,23.9591,24.1152,25.1986,25.2713,27.4593,27.7344,27.5944,29.203,30.7257,30.658,31.6324,32.8872,33.2132,35.1826,33.7685,34.8498,35.1752,34.4111,35.6489,38.6087,39.9605,37.8414,40.7536
Lesotho,LSO,0.17,0.17,0.18,0.18,0.19,0.19,0.19,0.2,0.2,0.2,0.2,0.2,0.2,0.2,0.2,0.2,0.2,0.2,0.2,0.2,0.2,0.2,0.2,0.2,0.2,8.427,9.111,9.745,10.099,10.702,11.065,11.677999999999999,12.107999999999999,12.25,12.347999999999999,13.029000000000002,13.769,14.129000000000001,15.134,15.902000000000001,17.049,18.365,19.8,21.543000000000003,22.141,23.694000000000003,25.753,27.666,28.48,29.706,3.1546,3.2199,3.4302,3.4609,3.4794,3.4589,3.4246,3.4116,3.3579,3.8559,3.8122,3.9704,3.6534,3.8698,3.7197,3.9923,3.8509,4.0624,3.9356,4.0407,4.1766,4.1161,4.2088,4.3381,4.3582
Lithuania,LTU,0.37,0.37,0.37,0.37,0.37,0.36,0.36,0.36,0.35,0.35,0.35,0.35,0.34,0.34,0.34,0.33,0.33,0.32,0.32,0.32,0.31,0.3,0.3,0.3,0.29,0.0,0.0,0.0,0.0,0.0,59.24,63.794,70.7,77.63,78.21600000000001,84.57600000000001,94.516,104.944,120.677,130.315,145.261,164.84599999999998,190.954,207.44099999999997,181.459,200.90900000000002,228.543,246.58,266.607,281.743,45.3193,46.842,31.6343,25.742,23.7385,22.0187,22.8353,22.6763,23.5913,21.0972,19.4434,19.8702,19.6711,20.097,21.1769,21.754,21.8664,21.6486,21.362,19.7323,20.7619,19.7005,19.8788,19.3235,19.0352
Luxembourg,LUX,0.04,0.04,0.04,0.04,0.04,0.04,0.04,0.04,0.04,0.04,0.04,0.04,0.04,0.05,0.05,0.05,0.05,0.05,0.05,0.05,0.05,0.05,0.05,0.05,0.06,296.64799999999997,328.756,337.849,355.57599999999996,371.945,396.35699999999997,413.43699999999995,428.461,443.965,506.279,553.489,558.948,587.715,600.393,640.516,682.201,779.5139999999999,839.817,866.939,822.7819999999999,856.1360000000001,920.05,916.222,955.905,1012.9760000000001,11.8655,12.3967,12.03,12.3938,11.5066,9.4232,9.4932,8.9987,8.3315,8.7158,9.217,9.8475,10.6844,11.0698,12.5296,12.7578,12.631,12.1265,12.0684,11.4742,12.0998,12.0761,11.8102,11.1815,10.8109
Latvia,LVA,0.27,0.27,0.26,0.26,0.25,0.25,0.25,0.24,0.24,0.24,0.24,0.23,0.23,0.23,0.23,0.22,0.22,0.22,0.22,0.21,0.21,0.21,0.2,0.2,0.2,0.0,0.0,0.0,0.0,54.162,55.083,57.965,64.846,70.767,74.053,80.193,90.352,100.7,110.266,122.14399999999999,138.476,157.526,181.292,194.32299999999998,168.718,175.58700000000002,197.734,212.52700000000002,226.765,238.079,26.2346,24.3965,21.3227,18.3691,15.439,13.6294,13.6925,13.1143,12.7725,11.815,11.1112,11.625,11.8179,12.0433,12.1577,12.3197,12.8424,13.2655,12.9626,12.2323,13.3371,12.7199,12.5699,12.6443,12.6859
Morocco,MAR,2.48,2.53,2.57,2.62,2.66,2.7,2.74,2.78,2.81,2.85,2.88,2.91,2.95,2.98,3.01,3.05,3.08,3.12,3.15,3.19,3.23,3.28,3.32,3.37,3.42,25.459,27.709,27.256,27.221999999999998,30.246,28.763,32.44,32.044000000000004,34.302,34.735,35.748000000000005,38.734,40.092,42.76,45.478,47.872,52.43899999999999,55.099,58.793,60.997,63.242,67.039,69.404,72.78399999999999,75.072,38.1101,39.6249,40.9621,40.7212,43.5863,44.3309,45.0467,46.7437,47.617,49.6964,50.7093,54.4673,56.0631,56.0977,60.1112,63.1843,65.2197,66.1333,68.7773,68.928,72.2913,77.3349,79.5861,79.8659,81.6906
Madagascar,MDG,1.16,1.19,1.23,1.27,1.31,1.35,1.39,1.43,1.48,1.53,1.58,1.63,1.68,1.73,1.78,1.83,1.89,1.94,2.0,2.06,2.12,2.17,2.23,2.3,2.36,10.728,10.091000000000001,10.139,10.284,10.182,10.253,10.337,10.565999999999999,10.759,11.069,11.491,12.071,10.386,11.269,11.822000000000001,12.38,13.01,13.789000000000001,14.635,13.761,13.573,13.675,13.972000000000001,14.149000000000001,14.498,23.1114,23.19,23.3989,23.7511,23.7355,23.896,24.1836,24.23,24.9804,24.7626,24.1674,22.8679,20.7179,23.2948,21.7706,24.9916,23.9823,25.2343,24.4591,25.9087,26.1848,26.2522,26.8984,26.4831,26.8163
Maldives,MDV,0.02,0.02,0.02,0.02,0.02,0.03,0.03,0.03,0.03,0.03,0.03,0.03,0.03,0.03,0.03,0.03,0.03,0.03,0.03,0.04,0.04,0.04,0.04,0.04,0.04,0.0,0.0,0.0,0.0,0.0,56.964,61.348,66.453,70.99600000000001,75.051,78.005,74.725,79.243,89.235,94.488,82.43,104.523,112.96,123.04,111.779,117.205,124.86399999999999,124.964,130.39,136.22899999999998,0.2164,0.1999,0.2786,0.2475,0.2493,0.3024,0.3444,0.3865,0.3589,0.4816,0.5126,0.5253,0.6589,0.5727,0.7356,0.6714,0.8322,0.8577,0.9214,0.9648,1.0186,1.0706,1.1974,1.18,1.423
Mexico,MEX,8.39,8.55,8.71,8.86,9.02,9.17,9.31,9.46,9.61,9.75,9.89,10.03,10.17,10.31,10.45,10.6,10.76,10.92,11.08,11.25,11.41,11.57,11.73,11.88,12.04,64.98899999999999,68.833,71.858,85.556,90.14399999999999,84.82600000000001,90.76100000000001,97.12100000000001,101.73200000000001,104.488,110.898,111.29899999999999,111.875,114.824,120.85799999999999,126.57600000000001,138.082,142.901,149.248,145.582,152.606,165.203,171.62900000000002,173.739,180.46,426.6553,447.0538,453.3838,468.2535,496.9884,479.7752,502.8258,532.9023,562.566,552.9307,583.6383,592.5952,606.8181,634.4419,651.0921,681.5917,699.7471,713.7667,728.8708,716.4998,725.7373,742.1449,741.115,733.0104,721.6543
Marshall Islands,MHL,0.0,0.0,0.0,0.0,0.01,0.01,0.01,0.01,0.01,0.01,0.01,0.01,0.01,0.01,0.01,0.01,0.01,0.01,0.01,0.01,0.01,0.01,0.01,0.01,0.01,18.881,19.079,20.55,22.039,23.65,26.004,23.715999999999998,22.607,22.253,22.003,23.666,25.15,25.741999999999997,25.730999999999998,25.96,27.159000000000002,28.124000000000002,29.781999999999996,29.796999999999997,29.493000000000002,31.697,32.654,34.318000000000005,35.78,36.028,,,0.0776,0.0855,0.0898,0.0904,0.0908,0.0912,0.0953,0.0921,0.1035,0.1078,0.1121,0.1127,0.1169,0.1139,0.122,0.1301,0.1308,0.1353,0.1361,0.1369,0.1378,0.1386,0.1395
Mali,MLI,0.84,0.86,0.89,0.91,0.93,0.96,0.98,1.01,1.04,1.06,1.09,1.13,1.16,1.2,1.24,1.28,1.32,1.37,1.41,1.46,1.5,1.55,1.6,1.64,1.69,8.267999999999999,9.346,9.027000000000001,9.285,9.581,9.613999999999999,10.212,10.613,11.248,11.741,11.664000000000001,13.356,13.573,14.625,14.776,15.716,16.397000000000002,16.854,17.412,17.777,18.368,18.779,18.427,18.634,19.742,15.3434,15.2984,15.3349,15.5284,15.7448,16.0464,15.8418,16.0804,17.2075,18.4525,18.9122,20.7594,19.8642,20.3308,24.0247,22.9644,23.85,24.5449,26.6009,25.9543,27.4212,28.4864,28.5285,29.1982,31.5341
Malta,MLT,0.04,0.04,0.04,0.04,0.04,0.04,0.04,0.04,0.04,0.04,0.04,0.04,0.04,0.04,0.04,0.04,0.04,0.04,0.04,0.04,0.04,0.04,0.04,0.04,0.04,93.385,99.855,105.824,112.061,119.796,129.162,136.751,151.30200000000002,158.686,169.622,194.257,196.213,205.61700000000002,209.37599999999998,214.011,222.325,232.24,248.93200000000002,261.932,261.395,278.091,285.975,294.438,310.82599999999996,333.70300000000003,2.5468,2.4597,2.4345,3.0825,2.7903,2.6639,2.6163,2.7837,2.6943,2.7459,2.4772,2.8559,2.7049,3.0146,3.0198,3.1637,3.0584,3.2372,3.0901,2.9909,3.1107,3.1202,3.2799,2.9785,2.9684
Mozambique,MOZ,1.3,1.33,1.38,1.44,1.49,1.55,1.6,1.64,1.68,1.72,1.77,1.82,1.88,1.93,1.99,2.05,2.11,2.17,2.23,2.29,2.35,2.42,2.49,2.56,2.63,2.506,2.648,2.478,2.65,2.763,2.784,3.489,3.8289999999999997,4.224,4.504,4.559,5.104,5.478,5.768,6.2,6.752999999999999,7.431,7.972,8.451,8.812000000000001,9.253,9.845,10.464,11.095999999999998,11.812000000000001,18.2437,18.1877,18.4788,18.8415,18.766,19.339,19.4115,18.2018,20.1583,19.4094,18.5347,20.1826,19,22.5513,21.5731,22.8717,21.7553,23.5987,25.2589,24.1519,26.5121,24.8367,25.5299,27.4629,28.4267
Mauritania,MRT,0.2,0.21,0.21,0.22,0.23,0.23,0.24,0.24,0.25,0.26,0.26,0.27,0.28,0.29,0.29,0.3,0.31,0.32,0.33,0.34,0.35,0.36,0.37,0.38,0.39,18.176,18.636,18.922,19.987000000000002,19.289,21.084,22.151,21.083000000000002,21.363000000000003,22.747,22.551,22.881,22.76,23.888,25.217,27.539,32.775,33.625,33.664,32.606,33.564,34.835,36.467,38.223,39.933,6.2575,6.4588,6.341,6.5038,6.5538,6.5097,6.9234,7.1639,7.4831,7.9131,8.301,8.5319,8.5064,8.6645,9.1041,9.2072,9.2395,9.5758,9.0903,9.9433,10.4822,10.4589,10.9185,11.2128,11.2027
Mauritius,MUS,0.11,0.11,0.11,0.11,0.11,0.11,0.11,0.11,0.12,0.12,0.12,0.12,0.12,0.12,0.12,0.12,0.12,0.12,0.12,0.12,0.13,0.13,0.13,0.13,0.13,49.193999999999996,52.543,56.492,60.053000000000004,62.983999999999995,66.488,70.76100000000001,75.12899999999999,79.745,81.96,89.77799999999999,94.073,96.432,103.29299999999999,109.975,114.735,123.382,133.343,142.743,148.205,156.123,165.618,174.21099999999998,182.822,192.907,2.1318,2.2292,2.313,2.4677,2.5325,2.5876,2.7419,2.8296,3.0908,3.6043,3.9242,4.0328,4.1212,4.2822,4.3212,4.5286,4.8991,5.0362,5.1464,5.1318,5.4025,5.4305,5.5606,5.6704,5.8427
Malawi,MWI,0.94,0.96,0.97,0.97,0.97,0.98,1.0,1.03,1.06,1.09,1.11,1.14,1.17,1.2,1.23,1.26,1.3,1.33,1.37,1.41,1.45,1.5,1.54,1.58,1.63,4.846,5.336,5.013,5.615,5.129,6.051,6.495,6.696000000000001,6.843999999999999,6.955,7.031000000000001,6.659,6.7139999999999995,7.056,7.452000000000001,7.731,8.116,8.882,9.472000000000001,10.047,10.555,10.979000000000001,11.08,11.527999999999999,12.073,9.1227,8.7438,8.1976,7.7916,6.8548,6.5175,6.5837,6.564,6.6287,6.5247,6.5368,6.3236,6.5459,6.874,6.8499,6.84,7.1532,7.4968,8.0908,8.0544,8.891,9.077,9.5476,10.0711,10.1969
Malaysia,MYS,1.8,1.85,1.9,1.95,2.0,2.05,2.1,2.16,2.21,2.27,2.32,2.37,2.42,2.47,2.52,2.57,2.62,2.67,2.72,2.77,2.82,2.87,2.91,2.95,2.99,68.505,75.528,81.977,89.94,97.84899999999999,106.98899999999999,116.823,124.315,113.556,119.31700000000001,129.739,130.377,136.7,144.374,155.227,165.31599999999997,176.321,188.72799999999998,197.877,192.835,206.05200000000002,218.06799999999998,231.051,242.794,258.755,103.214,112.4171,120.1079,123.8851,131.0039,139.2214,152.7594,161.4962,162.8455,172.4514,183.3901,191.2593,202.3824,212.0332,227.3253,239.3104,246.0292,264.4765,279.2293,261.0252,279.3583,280.6518,285.8392,303.1518,316.9021
Namibia,NAM,0.14,0.15,0.15,0.16,0.16,0.16,0.17,0.17,0.17,0.18,0.18,0.18,0.19,0.19,0.19,0.19,0.2,0.2,0.2,0.21,0.21,0.22,0.22,0.22,0.23,37.074,40.236999999999995,42.933,42.195,42.83,44.427,45.688,47.448,48.6,50.032,52.03,52.93899999999999,55.504,58.067,65.942,68.616,74.426,79.119,81.301,80.67699999999999,85.001,89.595,94.271,99.555,105.98700000000001,7.318,8.6395,8.6,8.6125,8.8336,8.9562,8.9416,8.8175,9.4723,9.394,10.078,9.9183,8.9213,8.9097,9.3336,10.2542,11.2524,10.3659,9.8924,11.7423,11.3144,14.4251,14.9196,11.2817,10.7103
Niger,NER,0.8,0.83,0.86,0.89,0.92,0.95,0.98,1.02,1.05,1.09,1.13,1.18,1.22,1.26,1.31,1.36,1.41,1.47,1.53,1.58,1.65,1.71,1.78,1.85,1.92,5.795,5.947,5.501,5.524,5.671,5.739,5.837000000000001,5.891,6.348,6.178,6.007000000000001,6.34,6.394,6.61,6.547000000000001,6.797000000000001,7.1370000000000005,7.28,7.832000000000001,7.542999999999999,7.957000000000001,7.992999999999999,8.763,9.027000000000001,9.512,10.7912,11.2206,11.6926,12.2477,12.7475,13.2926,13.942,14.401,15.1684,15.7823,16.1912,16.9436,17.5324,18.2727,18.9129,19.6695,20.3177,21.3183,22.2291,23.3281,24.426,24.0779,25.7067,26.5887,27.9757
Nigeria,NGA,9.52,9.77,10.02,10.27,10.53,10.79,11.07,11.35,11.63,11.93,12.23,12.54,12.86,13.19,13.53,13.89,14.25,14.63,15.03,15.43,15.85,16.28,16.72,17.18,17.64,21.809,22.059,23.018,22.514,22.021,21.914,22.68,23.165,23.439,23.326999999999998,24.425,25.781999999999996,29.453000000000003,31.397,34.334,36.722,39.091,41.676,44.174,46.824,49.81399999999999,52.138000000000005,53.92100000000001,56.982,60.1,200.7855,210.307,222.0021,221.3583,218.8001,220.8763,230.5498,231.915,231.0249,232.7669,237.8466,251.8772,256.4924,263.5777,267.4313,284.6507,278.6974,277.3761,280.8178,262.3005,283.0582,297.0013,301.2454,305.0604,304.0867
Nicaragua,NIC,0.42,0.43,0.44,0.45,0.46,0.47,0.47,0.48,0.49,0.5,0.51,0.51,0.52,0.53,0.54,0.54,0.55,0.56,0.57,0.57,0.58,0.59,0.6,0.61,0.61,19.291,19.467,19.543,19.49,20.135,21.337,22.67,23.548000000000002,24.28,25.939,27.18,28.176,28.429000000000002,29.278000000000002,31.234,33.131,35.067,37.32,38.816,37.31,38.878,41.632,44.586999999999996,46.977,49.501000000000005,9.3718,7.6961,8.5669,9.1749,9.5044,8.9686,9.0562,9.7423,10.1819,11.1849,11.6985,11.91,12.3626,13.0448,12.7963,13.0502,13.4632,13.6097,13.445,13.65,13.8744,14.3397,14.3783,14.0621,14.5156
Netherlands,NLD,1.5,1.51,1.52,1.53,1.54,1.55,1.55,1.56,1.57,1.58,1.59,1.6,1.61,1.62,1.63,1.63,1.63,1.64,1.64,1.65,1.66,1.67,1.68,1.68,1.69,191.454,201.165,207.683,213.782,223.46099999999998,234.097,244.842,260.143,277.085,292.685,318.752,331.94,344.472,341.11800000000005,357.772,376.256,409.713,438.967,464.202,445.661,450.403,465.99,472.721,492.415,492.332,197.2425,204.673,203.3263,208.0993,208.189,215.5208,223.4976,214.1189,212.5587,206.064,204.6763,208.511,206.6518,207.8853,208.5124,203.0024,197.5318,197.1037,197.4515,191.1157,200.3303,188.4977,186.9606,186.5283,180.174
Norway,NOR,0.42,0.43,0.43,0.43,0.43,0.44,0.44,0.44,0.44,0.45,0.45,0.45,0.45,0.46,0.46,0.46,0.47,0.47,0.48,0.48,0.49,0.5,0.5,0.51,0.51,184.325,195.503,205.91299999999998,215.503,229.919,243.226,267.91,286.053,281.863,305.553,369.564,377.86800000000005,379.598,385.33099999999996,424.86400000000003,477.724,540.798,558.9680000000001,617.572,554.375,579.655,621.45,654.475,670.561,660.154,45.3954,42.8588,45.4403,46.2067,47.3244,46.2449,47.2583,48.9514,50.6536,52.5466,47.1452,47.533,46.9322,49.3739,49.5466,48.2403,48.8642,49.0992,47.9148,47.5017,49.3025,48.1402,47.5755,46.5925,46.8855
Nepal,NPL,1.89,1.94,1.99,2.05,2.1,2.16,2.21,2.26,2.31,2.35,2.39,2.43,2.47,2.51,2.54,2.57,2.61,2.64,2.67,2.69,2.7,2.7,2.7,2.69,2.69,7.71,8.259,8.56,8.855,9.531,9.818,10.285,10.75,10.97,11.395999999999999,12.15,12.795,12.814,13.375,14.187000000000001,14.946,15.72,16.493,17.65,18.441,19.461,20.525,21.961,23.331,25.206999999999997,20.1544,20.6333,20.6262,21.5616,22.4681,23.6651,24.3667,25.133,25.8539,27.0775,27.6235,27.9874,27.4492,27.9262,28.1166,28.7623,28.6249,28.9069,29.9382,31.6855,32.8554,34.2053,35.7524,36.0275,37.5212
Nauru,NRU,0.0,0.0,0.0,0.0,0.0,0.0,0.0,0.0,0.0,0.0,0.0,0.0,0.0,0.0,0.0,0.0,0.0,0.0,0.0,0.0,0.0,0.0,0.0,0.0,0.0,0.0,0.0,0.0,0.0,0.0,0.0,0.0,0.0,0.0,0.0,0.0,0.0,0.0,0.0,0.0,0.0,0.0,38.164,52.038000000000004,56.701,64.705,73.393,80.567,104.51899999999999,132.735,0.1281,0.1282,0.1247,0.1174,0.1138,0.1102,0.1066,0.1067,0.1031,0.0959,0.0886,0.0851,0.0815,0.0706,0.0707,0.0671,0.0489,0.0491,0.0492,0.0457,0.0494,0.0459,0.046,0.0498,0.0536
New Zealand,NZL,0.33,0.35,0.35,0.36,0.36,0.37,0.37,0.38,0.38,0.38,0.39,0.39,0.39,0.4,0.41,0.41,0.42,0.42,0.43,0.43,0.44,0.44,0.44,0.44,0.45,148.636,145.66,149.178,159.607,170.924,179.077,184.64,191.373,193.43099999999998,205.794,215.217,225.005,233.063,239.674,250.805,256.774,277.582,293.85900000000004,298.605,306.997,312.531,327.345,329.86199999999997,362.194,372.606,64.5817,63.9965,65.1432,64.4651,66.0431,67.1538,67.3789,69.8338,68.5862,70.3478,71.0234,73.6541,74.5671,77.1925,76.2451,77.602,77.7839,76.5351,76.5593,73.8342,73.6747,73.1159,75.2315,75.0735,75.7434
Oman,OMN,0.18,0.19,0.2,0.21,0.21,0.22,0.22,0.22,0.23,0.23,0.23,0.23,0.23,0.24,0.24,0.25,0.26,0.27,0.28,0.29,0.3,0.33,0.35,0.38,0.4,227.39700000000002,238.62099999999998,252.65200000000002,262.51,268.61400000000003,280.653,290.23400000000004,311.228,322.746,326.556,349.86199999999997,369.16900000000004,364.54400000000004,353.63199999999995,358.918,369.38599999999997,390.208,406.49800000000005,433.096,442.911,444.086,419.421,434.369,428.629,419.50800000000004,39.8603,45.4492,45.637,46.2064,47.3418,50.5048,51.9177,54.5287,55.7966,60.1515,63.4262,65.4475,66.3699,66.634,65.681,64.8814,73.9277,78.0249,77.4993,80.6961,84.6052,91.4675,98.5811,101.7895,106.3043
Pakistan,PAK,10.76,11.08,11.39,11.71,12.04,12.38,12.73,13.11,13.48,13.86,14.23,14.6,14.95,15.31,15.67,16.03,16.4,16.78,17.16,17.55,17.94,18.33,18.73,19.13,19.53,19.83,20.93,22.421999999999997,22.723000000000003,23.421,24.406,25.326999999999998,25.288,25.489,26.072,27.064,27.504,28.151,29.368000000000002,31.642,34.332,36.705,38.621,39.146,39.666,39.887,40.945,42.285,43.983999999999995,45.94,154.1644,155.0553,164.2753,173.9286,178.6145,189.0722,196.6111,203.1946,207.0369,219.2813,221.0742,224.4705,230.6092,238.7029,255.8537,264.0873,282.9551,299.4668,302.4953,312.4073,307.1756,314.094,317.1444,326.774,333.3829
Panama,PAN,0.25,0.25,0.26,0.26,0.27,0.27,0.28,0.29,0.29,0.3,0.3,0.31,0.31,0.32,0.33,0.33,0.34,0.35,0.35,0.36,0.36,0.37,0.38,0.38,0.39,50.975,56.47,61.211999999999996,64.733,66.618,67.803,70.406,74.708,79.469,82.115,84.54700000000001,85.229,86.834,90.447,98.027,106.369,116.913,132.02700000000002,145.23,145.548,153.11,170.998,188.06599999999997,201.12,211.672,7.2486,7.7154,8.3601,8.6123,8.8729,9.221,9.356,9.4462,10.6288,9.9165,10.2146,11.5353,10.7646,10.9407,11.1012,12.7568,13.1825,12.9156,13.1395,14.6105,15.4629,16.4064,16.9859,17.2717,17.7577
Peru,PER,2.21,2.25,2.3,2.34,2.39,2.43,2.48,2.52,2.57,2.61,2.65,2.68,2.71,2.74,2.76,2.79,2.81,2.83,2.86,2.88,2.9,2.93,2.95,2.98,3.01,34.093,35.306999999999995,35.221,37.231,41.913000000000004,45.11600000000001,46.36,49.303999999999995,48.798,49.433,51.151,51.93,55.00899999999999,57.786,61.716,67.051,73.657,81.41,89.84100000000001,90.786,98.691,106.26100000000001,114.00299999999999,121.691,125.61200000000001,42.3869,41.3511,42.3833,43.7364,45.5903,49.755,53.1528,54.2953,54.2624,58.273,58.7799,56.9714,58.746,58.7959,63.3674,64.5022,64.5527,68.4821,73.3878,77.6129,81.2229,84.5137,85.271,86.2102,89.66
Philippines,PHL,6.19,6.35,6.5,6.66,6.82,6.98,7.14,7.3,7.47,7.63,7.8,7.97,8.14,8.31,8.47,8.63,8.79,8.94,9.09,9.24,9.4,9.56,9.72,9.89,10.05,26.045,26.112,26.151999999999997,26.691999999999997,27.796,29.024,30.575,31.985,31.451999999999998,32.176,33.613,34.599000000000004,35.67,37.364000000000004,40.138000000000005,42.553999999999995,45.32,48.775,50.93600000000001,51.06399999999999,54.683,56.898,60.818999999999996,65.14699999999999,69.308,90.0956,90.0489,92.7991,97.9407,105.2999,117.3156,125.9482,134.5987,128.825,133.2598,134.8606,134.0637,136.0349,139.1716,142.7959,144.3051,137.1512,142.9819,146.3679,148.7301,154.9661,156.802,161.6164,171.6044,181.6361
Palau,PLW,0.0,0.0,0.0,0.0,0.0,0.0,0.0,0.0,0.0,0.0,0.0,0.0,0.0,0.0,0.0,0.0,0.0,0.0,0.0,0.0,0.0,0.0,0.0,0.0,0.0,0.0,0.0,0.0,0.0,0.0,0.0,0.0,0.0,0.0,0.0,98.275,105.55,110.044,107.51899999999999,115.426,124.91,127.412,134.68,133.101,129.054,133.511,145.342,154.372,154.07299999999998,164.297,,,0.246,0.2464,0.2467,0.247,0.2474,0.2514,0.2518,0.2558,0.2635,0.2674,0.264,0.2679,0.2681,0.2757,0.2796,0.2761,0.269,0.2619,0.2695,0.3087,0.3478,0.3906,0.4334
Papua New Guinea,PNG,0.46,0.47,0.48,0.49,0.51,0.52,0.53,0.54,0.56,0.57,0.58,0.6,0.61,0.62,0.64,0.65,0.66,0.68,0.7,0.71,0.73,0.75,0.76,0.78,0.79,14.392000000000001,15.921,18.115,21.419,22.643,21.829,23.375,22.294,21.17,21.36,20.814,20.793000000000003,20.66,21.068,21.766,23.351,24.046999999999997,26.781999999999996,26.568,27.918000000000003,30.398000000000003,30.697,32.059,33.187,37.615,9.0116,9.745,10.5857,11.368,12.3943,13.1122,13.06,13.4561,13.4036,12.8331,12.8831,13.3317,13.5599,13.895,14.3717,13.9894,14.0518,15.8887,14.6531,15.1264,14.8625,15.4873,15.368,16.5435,16.7897
Poland,POL,3.81,3.82,3.84,3.85,3.85,3.86,3.86,3.86,3.87,3.87,3.83,3.82,3.82,3.82,3.82,3.82,3.81,3.81,3.81,3.82,3.8,3.81,3.81,3.8,3.8,61.756,59.155,61.835,65.5,70.291,76.65,82.546,89.22200000000001,94.715,100.22399999999999,106.529,111.02,117.811,122.571,133.411,138.959,151.422,167.88,183.104,192.46400000000003,210.483,228.50599999999997,238.332,247.192,256.123,426.2837,425.5318,415.3018,415.4872,411.0634,411.2877,425.9824,415.7699,387.8617,377.2765,362.2652,359.0425,352.059,363.7851,367.5978,368.1703,380.6614,380.0437,373.7409,360.7619,376.4705,373.7688,366.5341,361.1905,352.9075
"Korea, Dem. Peoples Rep.",PRK,2.03,2.06,2.09,2.13,2.16,2.19,2.21,2.23,2.25,2.27,2.29,2.31,2.33,2.35,2.37,2.39,2.41,2.42,2.43,2.44,2.45,2.47,2.48,2.49,2.51,0.0,0.0,0.0,0.0,0.0,0.0,0.0,0.0,0.0,0.0,0.0,0.0,0.0,0.0,0.0,0.0,0.0,0.0,0.0,0.0,0.0,0.0,0.0,0.0,0.0,155.8404,148.959,135.4449,126.4631,115.4331,107.5039,97.4176,90.36,83.3367,89.2384,94.4136,97.9173,94.1445,96.2216,98.3027,102.115,103.8442,90.8422,98.4049,98.2272,94.0842,75.2838,76.8621,63.8065,68.7168
Portugal,PRT,1.0,1.0,1.0,1.0,1.0,1.0,1.01,1.01,1.02,1.02,1.03,1.04,1.04,1.05,1.05,1.05,1.05,1.05,1.06,1.06,1.06,1.06,1.05,1.05,1.04,117.62899999999999,127.212,131.63,131.834,135.583,143.856,149.026,157.91,166.916,177.235,188.86900000000003,195.40599999999998,203.67700000000002,208.40900000000002,214.75599999999997,227.396,246.554,257.059,266.316,264.691,273.082,267.802,264.541,278.995,287.467,56.4012,58.2994,62.5532,61.5684,63.5591,67.0475,65.4751,67.8688,72.642,79.209,78.6949,78.5553,82.9109,77.6674,79.0179,81.9406,76.6915,77.0037,72.1123,71.5161,65.424,65.2906,63.3763,62.0311,61.5852
Paraguay,PRY,0.42,0.43,0.44,0.46,0.47,0.48,0.49,0.5,0.51,0.52,0.53,0.54,0.55,0.56,0.57,0.58,0.59,0.6,0.61,0.62,0.62,0.63,0.64,0.65,0.66,51.479,53.67,54.434,57.056000000000004,59.919,63.833999999999996,64.529,66.915,66.259,64.918,63.532,63.136,62.92100000000001,65.66,68.969,71.468,76.007,81.111,86.749,86.015,95.414,100.16799999999999,100.155,108.984,114.869,22.1308,21.0986,22.0486,23.896,25.4291,27.2081,27.1257,27.7252,28.1655,28.6183,26.9332,27.7698,27.257,29.2804,28.034,28.4858,29.0284,30.9006,30.5813,32.2189,34.5527,35.4607,36.966,37.7322,39.9172
Qatar,QAT,0.05,0.05,0.05,0.05,0.05,0.05,0.05,0.05,0.06,0.06,0.06,0.06,0.06,0.07,0.08,0.09,0.1,0.12,0.14,0.17,0.19,0.2,0.22,0.23,0.25,0.0,0.0,0.0,0.0,0.0,0.0,0.0,0.0,0.0,0.0,861.694,881.3839999999999,920.913,914.5160000000001,1013.295,977.686,1075.415,1093.625,1112.56,1089.537,1175.187,1240.246,1226.747,1224.958,1233.0819999999999,14.1619,16.3345,16.4976,17.4096,18.2671,19.1337,20.1564,21.8412,23.379,25.6731,24.6135,26.5155,30.8134,32.315,35.8175,45.0704,48.9346,54.9977,59.5822,64.6711,69.5441,72.085,81.0719,82.8463,88.1129
Romania,ROU,2.32,2.3,2.28,2.28,2.27,2.27,2.26,2.26,2.25,2.25,2.24,2.21,2.17,2.16,2.15,2.13,2.12,2.09,2.05,2.04,2.02,2.01,2.01,2.0,1.99,52.722,47.878,45.081,46.918,49.876999999999995,54.207,57.382,55.635,55.442,55.965,58.489,65.214,71.623,75.516,89.821,96.021,115.447,136.868,167.822,166.352,169.665,179.077,189.315,197.97400000000002,206.233,237.671,201.102,181.7411,169.414,164.9529,167.8534,170.0662,158.7388,143.1133,127.2462,129.2019,133.7962,132.1548,138.3477,135.8128,134.7795,137.6756,135.4848,135.0395,119.4244,115.908,121.0541,118.6238,109.4851,108.7927
Rwanda,RWA,0.73,0.71,0.67,0.63,0.59,0.58,0.6,0.64,0.7,0.75,0.79,0.82,0.84,0.86,0.87,0.88,0.9,0.93,0.95,0.98,1.0,1.03,1.05,1.08,1.11,5.632999999999999,5.841,6.685,6.729,3.608,5.066,5.646,6.124,6.216,6.103,6.393,6.831,7.672000000000001,7.865,8.555,9.475,10.423,11.238,12.401,12.927,13.677999999999999,14.68,15.885,16.516,17.667,3.7394,3.8132,3.8444,3.8628,3.8433,3.7247,3.8538,3.9487,4.066,4.259,4.3127,4.4335,4.5423,4.7953,4.9674,5.073,5.2966,5.6044,5.8124,6.0023,6.2668,6.2833,6.4565,6.6343,6.7283
Saudi Arabia,SAU,1.62,1.68,1.73,1.78,1.82,1.86,1.9,1.94,1.98,2.02,2.07,2.12,2.18,2.25,2.31,2.38,2.45,2.52,2.59,2.66,2.74,2.83,2.92,3.01,3.09,277.094,318.871,329.135,323.347,323.87,323.819,331.421,334.301,341.231,326.347,344.407,338.86400000000003,325.274,357.87199999999996,385.159,407.26099999999997,419.276,426.543,449.45300000000003,431.199,444.98699999999997,484.73699999999997,504.915,511.89,525.508,187.5226,209.1319,223.3013,231.171,244.6804,249.0872,262.214,244.5434,261.3747,266.6427,278.0135,283.5875,302.3265,315.7314,333.5702,350.7025,370.4069,389.7713,420.9901,443.2617,482.7876,503.1672,536.6972,546.437,583.3701
Sudan,SDN,2.01,2.09,2.17,2.25,2.33,2.41,2.48,2.54,2.6,2.66,2.73,2.8,2.87,2.95,3.02,3.09,3.17,3.24,3.31,3.38,3.45,3.53,3.62,3.71,3.8,11.435,12.386,13.155999999999999,13.722000000000001,13.789000000000001,14.533,15.261,16.708,17.15,17.451,18.455,19.535,20.538,21.916,22.736,24.506999999999998,27.029,30.111,32.203,32.62,33.271,36.431,41.522,43.06100000000001,43.978,77.0875,78.4565,83.8057,87.0469,92.7899,94.0393,96.0253,101.4124,107.4581,111.9204,119.4923,116.5956,128.3437,130.095,133.8822,141.3529,137.936,147.3463,147.8735,151.2507,146.9335,147.6323,112.1326,113.0076,114.1945
Senegal,SEN,0.75,0.78,0.8,0.82,0.85,0.87,0.89,0.91,0.93,0.96,0.98,1.0,1.03,1.05,1.08,1.11,1.14,1.17,1.2,1.23,1.27,1.3,1.34,1.38,1.42,15.077,15.513,15.592,15.704,15.592,16.331,16.54,16.937,17.717,18.672,19.24,20.074,20.031,21.234,22.513,23.9,24.581999999999997,25.798000000000002,26.642,26.673000000000002,27.189,27.393,28.541,29.037,30.67,13.2437,13.5327,13.9778,14.2128,14.5498,14.8142,15.2269,15.5157,15.8577,17.028,18.2269,19.7263,18.6515,17.7701,20.2019,21.106,21.45,21.3245,22.4844,22.5981,24.3722,25.0079,23.9951,25.4859,25.3179
Singapore,SGP,0.3,0.31,0.32,0.33,0.34,0.35,0.37,0.38,0.39,0.4,0.4,0.41,0.42,0.41,0.42,0.43,0.44,0.46,0.48,0.5,0.51,0.52,0.53,0.54,0.55,226.551,242.868,257.056,285.983,314.485,333.901,350.86400000000003,373.844,357.402,380.264,416.62699999999995,410.004,428.86199999999997,463.423,516.128,558.097,607.455,652.3009999999999,642.306,628.735,715.66,760.3430000000001,789.788,828.814,866.115,30.9867,32.7231,33.7767,39.2315,41.2915,41.1322,42.4983,42.5137,41.2934,42.1073,46.5105,46.324,45.5855,42.6328,44.1908,42.5954,43.2257,44.558,44.6667,45.8175,49.9498,52.7694,52.3304,52.9509,52.3803
Solomon Islands,SLB,0.03,0.03,0.03,0.03,0.03,0.04,0.04,0.04,0.04,0.04,0.04,0.04,0.04,0.04,0.05,0.05,0.05,0.05,0.05,0.05,0.05,0.05,0.06,0.06,0.06,12.219000000000001,13.019,14.587,15.091,16.359,17.573,17.678,17.235,17.254,16.947,14.455,13.232000000000001,12.72,13.440999999999999,14.115,14.972000000000001,16.114,17.359,18.531,17.38,18.328,20.646,21.425,21.859,22.163,0.3456,0.3511,0.3541,0.3603,0.3615,0.3708,0.3776,0.3845,0.3906,0.4058,0.4137,0.426,0.4332,0.4442,0.4533,0.4614,0.4731,0.4959,0.5114,0.5261,0.5363,0.5436,0.5514,0.5631,0.5706
Sierra Leone,SLE,0.43,0.43,0.43,0.43,0.43,0.43,0.43,0.43,0.44,0.45,0.46,0.48,0.5,0.52,0.54,0.56,0.58,0.6,0.61,0.63,0.64,0.66,0.67,0.69,0.7,8.101,8.515,7.055,7.353,7.397,6.957000000000001,7.194,6.852,6.978,6.813,7.231,6.6739999999999995,8.205,8.722999999999999,9.139,9.479,9.857999999999999,10.645999999999999,11.17,11.356,11.833,12.555,14.41,17.31,18.039,3.8471,3.887,3.8098,3.8928,3.9363,3.739,3.738,3.6837,3.5652,3.365,3.3376,3.6288,3.9543,4.1487,4.3873,4.5489,5.2257,4.7015,5.0251,5.1255,5.387,5.8645,6.4402,6.7302,6.7313
El Salvador,SLV,0.53,0.53,0.54,0.55,0.56,0.56,0.57,0.57,0.58,0.58,0.59,0.59,0.6,0.6,0.6,0.61,0.61,0.61,0.61,0.62,0.62,0.62,0.62,0.63,0.63,29.279,30.307,32.719,34.965,36.906,38.997,39.604,41.141999999999996,42.33,43.516000000000005,44.66,45.736999999999995,46.917,48.276,49.771,52.464,56.146,58.473,60.62,59.558,61.523999999999994,64.926,67.735,70.148,72.363,6.7008,7.5214,7.9018,8.4724,9.1191,9.4163,9.3175,10.1737,10.2885,10.4392,10.3242,11.0476,11.2541,11.6291,11.7252,12.1676,12.5966,13.2192,12.6064,12.3782,12.0738,12.0315,12.2525,11.4966,11.8212
Somalia,SOM,0.72,0.73,0.73,0.73,0.74,0.75,0.77,0.79,0.82,0.86,0.89,0.92,0.95,0.98,1.01,1.04,1.08,1.11,1.14,1.17,1.2,1.24,1.27,1.31,1.34,0.0,0.0,0.0,0.0,0.0,0.0,0.0,0.0,0.0,0.0,0.0,0.0,0.0,0.0,0.0,0.0,0.0,0.0,0.0,0.0,0.0,0.0,0.0,0.0,0.0,22.266,19.5588,17.7077,19.4451,21.1488,21.6641,22.1223,22.5286,22.4853,22.5153,22.7262,23.0624,23.4123,23.8114,24.1026,24.5166,23.3587,22.3109,22.3646,22.384,22.5806,22.7123,22.9918,23.132,23.2613
Serbia,SRB,0.76,0.76,0.76,0.77,0.77,0.76,0.76,0.76,0.76,0.75,0.75,0.75,0.75,0.75,0.75,0.74,0.74,0.74,0.74,0.73,0.73,0.72,0.72,0.72,0.71,0.0,0.0,0.0,0.0,0.0,48.801,50.951,55.708999999999996,57.924,51.81,57.261,61.378,68.009,71.979,80.645,91.81700000000001,101.986,112.25399999999999,126.321,125.365,127.973,137.469,139.338,146.291,146.595,80.605,70.1727,63.8406,57.9614,54.2563,60.7418,68.1789,72.9823,72.6501,55.5136,57.7311,60.2061,63.6222,66.7182,72.301,64.7909,66.6952,65.3476,62.7893,60.0287,59.0458,63.2701,58.3934,59.0328,51.4156
Suriname,SUR,0.04,0.04,0.04,0.04,0.04,0.04,0.04,0.05,0.05,0.05,0.05,0.05,0.05,0.05,0.05,0.05,0.05,0.05,0.05,0.05,0.05,0.05,0.05,0.05,0.06,67.59899999999999,70.41,70.987,66.632,69.225,69.597,70.564,74.87899999999999,76.508,75.613,77.994,82.071,84.699,90.634,99.81200000000001,106.307,114.539,122.189,128.244,131.597,138.414,147.881,153.037,158.52,160.181,2.9181,3.2551,3.3505,3.2726,3.2668,3.3242,3.3722,3.3483,3.341,3.3651,2.6784,2.7375,2.2345,2.4273,2.5647,2.8078,2.7065,2.5876,2.7238,2.7893,3.1025,3.2173,3.3989,3.3872,3.4205
Slovak Republic,SVK,0.53,0.53,0.53,0.53,0.53,0.54,0.54,0.54,0.54,0.54,0.54,0.54,0.54,0.54,0.54,0.54,0.54,0.54,0.54,0.54,0.54,0.54,0.54,0.54,0.54,0.0,0.0,71.35300000000001,74.285,80.263,86.48100000000001,93.60700000000001,100.684,106.132,107.007,113.56700000000001,123.714,132.945,141.39700000000002,151.882,166.16099999999997,188.646,211.65099999999998,236.916,230.592,249.623,258.35,266.474,278.976,289.277,66.707,58.6557,54.7916,52.8864,49.7682,50.2997,50.2556,50.3585,49.5786,48.4685,45.7934,46.5022,46.1589,46.7268,45.725,46.885,45.9539,44.9898,44.6867,41.0324,42.6948,41.2808,39.5648,40.3202,38.1129
Slovenia,SVN,0.2,0.2,0.2,0.2,0.2,0.2,0.2,0.2,0.2,0.2,0.2,0.2,0.2,0.2,0.2,0.2,0.2,0.2,0.2,0.2,0.2,0.21,0.21,0.21,0.21,123.147,115.90700000000001,112.23700000000001,118.445,127.566,135.561,142.72,152.709,160.407,170.672,180.50400000000002,189.553,203.05,211.33599999999998,227.769,239.453,257.632,276.056,296.242,274.76,277.393,288.047,289.009,297.968,308.44599999999997,18.1439,17.1427,16.2491,16.9771,16.975,17.7589,18.5606,19.0746,18.8462,18.2057,17.9167,18.7885,18.9639,18.9882,19.1045,19.2917,19.6977,19.6395,20.799,18.8437,19.027,18.9383,18.5516,18.0226,16.709
Sweden,SWE,0.86,0.86,0.87,0.87,0.88,0.88,0.88,0.88,0.89,0.89,0.89,0.89,0.89,0.9,0.9,0.9,0.91,0.91,0.92,0.93,0.94,0.94,0.95,0.96,0.97,201.205,204.229,205.25599999999997,204.58700000000002,215.957,228.148,236.34,244.968,255.447,271.814,293.207,296.79200000000003,306.36400000000003,315.129,335.673,340.061,374.63599999999997,406.281,419.041,396.95,416.327,438.085,447.744,457.22,465.725,67.6422,68.2428,70.9668,70.9505,72.8346,72.3159,77.8628,71.5481,72.2091,70.9579,66.8418,65.818,67.2957,68.3095,66.6549,63.2746,60.6248,58.835,56.7655,53.3543,58.7267,55.3471,52.2073,50.8744,50.8732
Eswatini,SWZ,0.08,0.08,0.09,0.09,0.09,0.09,0.09,0.1,0.1,0.1,0.1,0.1,0.1,0.1,0.1,0.1,0.1,0.1,0.1,0.11,0.11,0.11,0.11,0.11,0.11,36.553000000000004,37.415,38.513000000000005,39.701,40.611,42.562,44.118,45.411,46.325,47.69,49.055,50.251999999999995,52.997,55.871,59.253,64.494,70.05199999999999,74.652,76.196,77.42399999999999,80.735,83.708,88.738,95.426,98.368,1.9863,1.9366,1.9166,1.6209,1.9819,1.9909,1.9143,2.7893,2.8109,2.8212,2.7955,2.6575,2.6363,2.6285,2.63,2.6387,2.5806,2.6987,2.7383,2.6896,2.7657,2.7755,2.9576,2.8598,2.9655
Seychelles,SYC,0.01,0.01,0.01,0.01,0.01,0.01,0.01,0.01,0.01,0.01,0.01,0.01,0.01,0.01,0.01,0.01,0.01,0.01,0.01,0.01,0.01,0.01,0.01,0.01,0.01,92.255,96.71,105.51299999999999,112.34,110.829,110.581,116.42200000000001,131.049,140.878,142.756,146.84,146.525,146.112,141.657,141.849,158.703,175.202,197.645,192.804,191.37400000000002,199.484,225.56599999999997,230.518,244.12900000000002,255.94099999999997,0.209,0.2319,0.2319,0.2437,0.2631,0.2603,0.2967,0.4043,0.4959,0.5734,0.6364,0.6987,0.6008,0.6128,0.7994,0.7523,0.7967,0.7062,0.7573,0.5886,0.5082,0.4067,0.5056,0.4695,0.5621
Chad,TCD,0.6,0.62,0.64,0.66,0.68,0.7,0.73,0.75,0.78,0.81,0.84,0.87,0.9,0.94,0.97,1.01,1.05,1.08,1.12,1.16,1.2,1.24,1.28,1.32,1.37,7.1979999999999995,7.8229999999999995,8.37,6.994,7.615,7.614,7.662000000000001,7.957999999999999,8.311,8.079,7.891,8.67,9.193,10.335999999999999,13.658,15.932,15.950999999999999,16.351,16.616,16.881,18.756,18.529,19.881,20.678,21.791999999999998,15.4943,15.6521,15.8725,16.0469,16.2325,16.5814,17.024,17.4856,17.5043,18.5123,20.2416,20.4338,23.4049,25.7049,26.6178,28.9219,28.0701,28.708,28.4248,26.7879,27.131,28.4486,28.4373,28.5323,27.4662
Togo,TGO,0.38,0.39,0.39,0.4,0.41,0.42,0.43,0.45,0.46,0.48,0.49,0.51,0.52,0.53,0.55,0.56,0.58,0.59,0.61,0.63,0.64,0.66,0.68,0.7,0.71,8.426,8.452,8.126,6.917000000000001,7.942,8.526,9.184,10.357999999999999,9.91,9.984,9.831,9.613999999999999,9.425,9.823,10.043,10.21,10.658,10.897,11.25,11.642999999999999,12.165,12.865,13.603,14.305,15.042,3.5364,3.3764,3.0956,2.9764,3.2817,3.2109,3.7785,3.8262,4.4444,4.5524,4.6724,4.5718,4.6775,5.0502,4.7363,5.5202,4.914,4.9529,5.6044,6.7238,6.5638,6.6015,6.5139,6.8608,6.9944
Thailand,THA,5.66,5.72,5.78,5.83,5.89,5.95,6.01,6.08,6.16,6.23,6.3,6.35,6.41,6.45,6.5,6.54,6.58,6.62,6.65,6.69,6.72,6.75,6.78,6.81,6.84,43.175,47.88399999999999,52.405,57.548,62.898,68.74,73.14,71.501,65.985,69.197,73.128,76.592,81.905,88.758,96.21600000000001,102.70299999999999,110.398,118.85799999999999,122.615,122.08,132.13299999999998,135.375,147.27100000000002,153.186,156.94299999999998,152.0323,163.8889,176.1261,192.8852,208.0081,225.7775,246.6002,252.4783,230.2263,240.9572,242.2554,253.2458,264.5703,277.7027,296.1646,305.2494,308.6343,319.1668,323.6454,320.8951,338.9267,336.3769,356.2295,366.3679,358.4186
Tajikistan,TJK,0.53,0.54,0.55,0.56,0.57,0.58,0.59,0.59,0.6,0.61,0.62,0.63,0.64,0.65,0.67,0.68,0.69,0.71,0.72,0.74,0.75,0.77,0.79,0.81,0.83,23.759,22.325,15.912,13.397,10.605,9.343,7.808,7.957000000000001,8.349,8.651,9.431000000000001,10.390999999999998,11.502,12.767999999999999,14.209000000000001,15.333,16.585,17.988,19.384,19.866,20.945,22.458000000000002,24.048000000000002,25.678,27.265,17.3192,16.288,13.1327,10.2167,8.0169,7.356,6.8092,6.9859,6.948,6.5352,6.0839,6.0784,6.0732,6.2558,7.0141,7.129,7.6826,8.3857,8.6938,8.3202,8.3826,8.6868,9.3865,10.2444,11.9556
Turkmenistan,TKM,0.37,0.38,0.39,0.4,0.41,0.42,0.43,0.44,0.44,0.45,0.45,0.46,0.46,0.47,0.47,0.48,0.48,0.49,0.49,0.5,0.51,0.52,0.53,0.54,0.55,53.97,51.747,43.728,44.178999999999995,36.37,33.7,35.937,31.886,34.077,39.798,42.438,44.777,45.148,47.023,50.19,57.869,65.399,73.664,84.991,89.553,97.39,112.125,124.699,137.264,151.445,72.4903,64.7634,51.9366,50.577,56.2489,56.3644,53.6941,54.6525,55.9869,62.7821,65.5358,68.5351,71.9554,78.9882,83.0989,86.2266,88.5808,95.451,97.3167,91.0942,98.9085,105.6302,109.7318,112.285,114.9934
Tonga,TON,0.01,0.01,0.01,0.01,0.01,0.01,0.01,0.01,0.01,0.01,0.01,0.01,0.01,0.01,0.01,0.01,0.01,0.01,0.01,0.01,0.01,0.01,0.01,0.01,0.01,23.214000000000002,25.491,26.096,27.666999999999998,29.601,31.266,31.744,32.133,33.236,34.863,36.659,38.61,40.342,41.718999999999994,42.424,44.135,44.746,43.658,45.533,46.7,48.893,51.515,53.395,53.138000000000005,55.67,0.2278,0.2467,0.2243,0.239,0.2452,0.2455,0.229,0.2521,0.2425,0.2677,0.2565,0.2512,0.268,0.3087,0.2841,0.2882,0.3035,0.2893,0.2993,0.3399,0.3197,0.2902,0.3103,0.3164,0.3332
Tunisia,TUN,0.82,0.84,0.86,0.88,0.9,0.91,0.93,0.94,0.95,0.96,0.97,0.98,0.99,0.99,1.0,1.01,1.02,1.03,1.04,1.05,1.06,1.07,1.08,1.1,1.11,36.394,38.234,41.247,42.256,43.676,44.853,48.18899999999999,50.983999999999995,53.372,56.801,60.213,63.31100000000001,64.653,68.437,74.08800000000001,78.399,84.22,91.35799999999999,96.059,98.68299999999999,102.273,101.391,106.425,110.329,114.603,19.3967,20.3627,21.1858,22.7361,22.5751,22.9325,24.0996,24.4946,25.5616,26.7091,27.9971,28.766,28.7322,29.037,30.1305,30.6967,31.7792,32.3562,32.7868,33.4059,35.7828,34.1016,35.4877,35.6478,38.1666
Turkey,TUR,5.39,5.48,5.57,5.67,5.76,5.85,5.94,6.04,6.13,6.23,6.32,6.42,6.51,6.61,6.7,6.79,6.88,6.96,7.04,7.13,7.23,7.34,7.47,7.59,7.72,61.411,63.028,67.212,73.138,69.51,74.874,80.178,86.26,90.96,87.572,95.838,92.15100000000001,93.29799999999999,96.039,108.601,118.87899999999999,136.215,148.493,160.53799999999998,154.899,174.25900000000001,196.517,206.169,222.69,239.671,199.8824,204.4727,215.7234,227.1294,225.7385,244.6267,263.4771,273.6093,277.437,276.9811,303.2802,278.3483,288.4454,299.4328,304.9306,316.1324,342.7011,369.5271,368.0703,363.3341,375.0105,395.9018,420.3549,408.4574,431.4751
Tuvalu,TUV,0.0,0.0,0.0,0.0,0.0,0.0,0.0,0.0,0.0,0.0,0.0,0.0,0.0,0.0,0.0,0.0,0.0,0.0,0.0,0.0,0.0,0.0,0.0,0.0,0.0,15.427999999999999,16.319000000000003,16.994,17.95,20.092,19.39,18.519000000000002,20.721999999999998,24.180999999999997,24.11,24.285,24.984,27.061,26.288,26.245,25.699,26.721999999999998,28.894000000000002,31.521,30.033,29.256,31.801,30.86,32.482,33.191,0.017,0.0177,0.0179,0.0178,0.0179,0.018,0.0181,0.0183,0.0184,0.0185,0.0186,0.0187,0.0226,0.0226,0.0227,0.0228,0.0192,0.023,0.023,0.0231,0.0195,0.0196,0.0234,0.0235,0.018
Uganda,UGA,1.74,1.8,1.86,1.92,1.98,2.04,2.1,2.17,2.23,2.3,2.37,2.44,2.52,2.6,2.68,2.77,2.86,2.95,3.04,3.14,3.24,3.35,3.46,3.57,3.69,5.0169999999999995,5.292999999999999,5.415,5.812,6.119,6.756,7.2829999999999995,7.563,7.794,8.297,8.491,8.851,9.472999999999999,9.952,10.574000000000002,11.232000000000001,12.422,13.4,14.389000000000001,15.002,15.529000000000002,16.799,17.222,17.575,18.201,14.2371,14.7734,15.1065,15.5377,15.3486,15.9557,16.089,16.8064,17.8754,17.3016,17.5639,18.1837,18.5694,20.5845,20.1867,22.9262,20.6,23.8495,29.5416,29.1482,31.2868,31.2207,32.5153,33.3286,34.1129
Ukraine,UKR,5.19,5.2,5.22,5.22,5.19,5.15,5.11,5.06,5.01,4.97,4.92,4.87,4.82,4.78,4.75,4.71,4.68,4.65,4.63,4.61,4.59,4.57,4.56,4.55,4.53,67.903,64.161,59.088,51.854,41.018,37.061,34.268,34.123000000000005,34.155,34.907,38.175,43.034,46.468,52.258,60.621,64.85600000000001,72.277,80.333,84.23700000000001,72.67399999999999,76.64399999999999,82.819,84.818,86.48,87.10700000000001,896.8317,847.9462,744.9444,655.2487,560.0326,529.7066,469.2154,446.3514,420.0461,413.5979,402.6963,404.5186,409.3451,439.5704,413.7032,400.2808,408.7583,416.1027,404.6315,354.8086,372.5205,387.875,381.5245,375.9455,347.5459
Uruguay,URY,0.31,0.31,0.32,0.32,0.32,0.32,0.32,0.33,0.33,0.33,0.33,0.33,0.33,0.33,0.33,0.33,0.33,0.33,0.33,0.33,0.34,0.34,0.34,0.34,0.34,63.867,67.882,74.39399999999999,77.608,84.415,84.32799999999999,90.01700000000001,98.70299999999999,103.663,102.59100000000001,102.49700000000001,100.545,94.22200000000001,96.814,104.465,115.743,123.999,135.401,147.565,154.562,168.083,179.93400000000003,189.31,200.94299999999998,210.692,26.0596,27.548,28.9861,29.4194,29.2819,29.4949,30.8125,30.5642,30.215,31.2033,29.3336,29.0994,29.3195,30.132,31.8204,31.9405,33.9728,32.9628,35.4596,35.3419,32.7712,34.3505,34.6884,34.0057,33.2163
Uzbekistan,UZB,2.05,2.1,2.14,2.19,2.24,2.28,2.32,2.37,2.41,2.43,2.47,2.5,2.53,2.56,2.59,2.62,2.65,2.69,2.73,2.78,2.86,2.93,2.98,3.02,3.08,20.048,20.189,17.912,17.512,16.625999999999998,16.521,16.785,17.627,18.295,19.15,20.049,21.073,21.987,23.073,25.166999999999998,27.433000000000003,30.000999999999998,33.249,36.368,38.933,41.537,44.7,48.56399999999999,52.555,56.433,191.8647,197.9668,188.4699,192.201,189.7971,180.6496,182.1042,187.457,204.6181,207.7552,208.6924,211.196,213.6653,211.8598,210.9883,208.1455,217.0448,219.7121,221.562,215.0599,216.0626,228.1309,233.6175,225.7986,231.0922
"Venezuela, RB",VEN,1.96,2.01,2.06,2.1,2.15,2.19,2.24,2.28,2.33,2.37,2.42,2.46,2.51,2.56,2.6,2.64,2.69,2.72,2.76,2.8,2.84,2.89,2.94,2.98,3.0,94.869,105.137,111.491,111.946,109.271,113.556,113.064,119.919,119.271,111.60600000000001,116.095,120.40799999999999,109.465,101.035,120.62700000000001,134.95600000000002,150.39,165.498,175.127,168.403,165.416,173.19299999999998,183.435,186.486,181.025,171.1796,172.7787,176.6315,182.9575,185.4084,193.7978,208.4795,215.0665,213.1243,202.3902,213.0652,217.4547,217.987,215.6306,220.1074,237.0501,226.6539,229.9562,263.2714,262.6864,263.4519,248.3921,273.6175,268.7571,271.1354
Vanuatu,VUT,0.01,0.02,0.02,0.02,0.02,0.02,0.02,0.02,0.02,0.02,0.02,0.02,0.02,0.02,0.02,0.02,0.02,0.02,0.02,0.02,0.02,0.02,0.02,0.03,0.03,16.55,17.162,17.491,17.523,18.997,19.122,19.512,20.442999999999998,21.19,21.178,22.474,21.669,20.38,21.101,21.962,23.26,25.375999999999998,26.768,28.372,28.825,28.886999999999997,29.059,29.309,29.565,29.979,0.4473,0.4605,0.4785,0.5031,0.5091,0.5157,0.5377,0.5413,0.5414,0.5455,0.5271,0.5134,0.5149,0.5298,0.5152,0.5235,0.5222,0.6433,0.6463,0.646,0.6592,0.6856,0.675,0.6735,0.7291
Samoa,WSM,0.02,0.02,0.02,0.02,0.02,0.02,0.02,0.02,0.02,0.02,0.02,0.02,0.02,0.02,0.02,0.02,0.02,0.02,0.02,0.02,0.02,0.02,0.02,0.02,0.02,23.689,23.753,24.026999999999997,25.355,25.003,27.013,29.291,29.83,30.69,31.673000000000002,34.454,37.451,39.468,41.761,44.591,47.588,49.676,53.887,55.121,52.5,52.967,56.733999999999995,57.558,56.945,58.372,0.3325,0.3367,0.3367,0.3405,0.347,0.3477,0.356,0.3606,0.3671,0.3783,0.4021,0.4218,0.4005,0.4111,0.4107,0.4228,0.4278,0.4365,0.4453,0.4539,0.4548,0.4707,0.4683,0.4696,0.4709
"Yemen, Rep.",YEM,1.17,1.23,1.3,1.36,1.43,1.49,1.55,1.6,1.65,1.69,1.74,1.79,1.84,1.9,1.95,2.01,2.07,2.13,2.19,2.25,2.32,2.38,2.45,2.51,2.58,22.23,23.253,24.439,24.721999999999998,25.695999999999998,26.578000000000003,27.301,28.299,29.461,30.151999999999997,31.814,32.789,33.632,34.527,35.818000000000005,37.899,39.154,40.387,41.486000000000004,42.214,44.727,38.763000000000005,39.352,40.849000000000004,40.455,11.9895,13.632,14.4009,13.4986,13.8671,15.3971,15.7961,16.9014,18.0484,19.6519,20.5639,22.1001,22.2551,25.1134,26.3251,27.3677,27.6233,29.2998,30.9142,34.732,33.2571,29.4039,28.7025,35.6522,34.0082
South Africa,ZAF,3.68,3.77,3.87,3.96,4.06,4.14,4.22,4.3,4.37,4.43,4.5,4.56,4.62,4.67,4.73,4.79,4.85,4.91,4.98,5.05,5.12,5.2,5.28,5.37,5.45,64.245,64.141,62.617,63.318000000000005,65.209,67.196,70.008,71.798,71.809,73.49,77.193,79.943,83.154,86.13600000000001,91.36399999999999,97.962,105.243,112.40299999999999,116.678,114.16,117.28200000000001,121.792,124.882,128.157,130.905,307.2053,302.9487,299.7879,308.1646,314.0302,326.9245,338.4412,354.4037,363.2446,345.5729,352.4945,389.31,401.8235,422.6017,450.8811,450.607,452.3843,471.9805,505.4988,482.0729,489.8552,478.8517,493.0983,510.2231,524.895
Zambia,ZMB,0.8,0.82,0.85,0.87,0.89,0.91,0.93,0.96,0.99,1.01,1.04,1.07,1.1,1.13,1.16,1.19,1.22,1.25,1.28,1.32,1.36,1.4,1.45,1.49,1.54,15.179,15.288,14.993,16.003,14.575999999999999,14.931,15.73,16.165,15.84,16.361,16.92,17.74,18.352,19.485,20.872,22.485,24.345,26.373,28.197,30.17,32.698,34.19,36.348,37.656,38.935,41.5585,41.4408,41.1258,40.2397,39.1144,38.3807,37.0443,37.3849,38.5659,36.4704,35.3614,37.8933,36.9474,39.5005,41.2642,43.0962,41.2843,42.0176,43.2786,43.1116,45.7985,45.7977,48.5919,50.4074,51.201
Zimbabwe,ZWE,1.04,1.07,1.09,1.11,1.13,1.14,1.15,1.17,1.17,1.18,1.19,1.19,1.2,1.2,1.2,1.21,1.22,1.23,1.24,1.25,1.27,1.29,1.31,1.34,1.36,18.297,19.497,17.778,18.072,19.86,20.044,22.271,23.038,23.778000000000002,23.771,23.443,24.215,22.354,18.855,18.180999999999997,17.594,17.385,17.059,14.175,15.812000000000001,18.886,21.680999999999997,25.345,25.84,26.486,33.051,33.465,34.1675,30.8451,30.0476,29.6123,30.9024,29.7537,30.6996,32.8545,30.1376,30.7063,27.2482,24.7989,24.98,25.0169,24.5678,24.7769,23.2327,23.2524,25.4643,27.6055,27.3979,27.3977,27.7244
